aimValue,speedValue,isAimMap
6.35119,3.68366,1
6.23924,3.68607,1
4.49811,4.84238,NULL
6.66509,3.72376,1
6.31677,3.64518,1
6.49216,3.76569,1
6.34869,3.75784,1
6.29123,3.8071,1
4.44908,4.88097,NULL
6.3371,3.81906,1
5.91018,3.66955,1
6.65693,3.6861,1
6.13778,4.05224,1
4.80157,5.33488,NULL
5.14851,5.61348,NULL
4.42383,5.29402,NULL
6.07972,3.8536,1
6.47713,3.68323,1
4.52869,5.00853,NULL
6.59305,4.08899,1
6.13051,3.84168,1
6.11015,4.15071,1
6.7203,3.95909,1
6.96633,3.76569,1
6.29355,3.61286,1
6.17502,3.69769,1
5.78959,3.76976,1
6.55377,4.08728,1
5.99088,3.57677,1
5.96272,3.63874,1
6.63305,3.61158,1
6.4797,3.68801,1
6.69401,3.48888,1
5.72485,3.84902,1
6.28661,3.63879,1
6.58518,3.70076,1
6.28739,3.48876,1
5.68156,3.878,1
6.16415,3.61402,1
5.91534,3.48131,1
5.83238,3.74144,1
5.91038,3.76177,1
6.36191,3.81737,1
5.91639,3.85297,1
6.19037,3.61106,1
4.47644,4.91937,NULL
5.81661,3.49474,1
6.10361,3.68064,1
4.52404,5.07072,NULL
5.641,3.75097,1
6.33061,3.66942,1
5.98668,3.60593,1
5.84287,3.61313,1
5.84698,3.46345,1
6.08434,3.63332,1
6.26963,3.76691,1
5.04897,4.69548,NULL
5.96116,3.6393,1
5.92619,3.81668,1
5.72939,3.44286,1
5.01507,5.5172,NULL
4.55166,4.95426,NULL
7.01695,3.90985,1
4.12952,4.65956,NULL
5.90454,3.21087,1
4.68242,4.8494,NULL
5.98322,3.43868,1
5.71469,4.64969,NULL
4.44939,4.70001,NULL
5.85821,4.0254,1
6.08921,3.63998,1
6.09643,3.53162,1
6.23899,3.33207,1
6.95588,4.02294,1
5.6427,3.90396,1
4.75752,4.89535,NULL
4.33379,4.89975,NULL
4.83661,5.48492,NULL
5.39932,3.74237,1
5.61983,3.56815,1
5.72408,3.79313,1
5.92961,3.86511,1
5.69818,3.55525,1
5.80243,3.63608,1
5.6334,3.57659,1
6.50575,3.63998,1
6.01344,3.54552,1
5.70908,3.38646,1
6.14499,3.4445,1
5.21541,3.99321,1
6.19855,3.80126,1
4.79437,4.86137,NULL
5.54135,3.66233,1
4.7703,5.50987,NULL
6.13733,3.81417,1
5.81927,3.32998,1
4.57302,4.83,NULL
6.3212,3.87065,1
5.4523,3.4706,1
5.97266,3.5991,1
4.24092,4.92408,NULL
4.6213,4.74159,NULL
7.03806,4.12428,1
4.27213,5.06027,NULL
6.16976,3.54743,1
5.34826,3.85345,1
6.50405,4.2251,1
4.69746,4.94192,NULL
5.75543,3.52634,1
4.80777,4.7199,NULL
5.07607,5.5115,NULL
6.48352,3.63332,1
4.7134,4.63807,NULL
6.74775,3.68367,1
4.60788,6.43751,0
4.91645,4.15456,NULL
5.44173,3.86378,1
6.48759,3.39751,1
4.52146,4.70545,NULL
5.52487,4.62528,NULL
4.94556,5.41229,NULL
5.71098,3.69439,1
5.55863,4.71575,NULL
5.54549,4.26676,1
4.99284,3.96592,NULL
5.99743,4.56404,1
4.86405,4.12039,NULL
4.79055,3.97069,NULL
4.68127,4.80848,NULL
4.11614,5.06577,NULL
6.25554,3.30333,1
4.71399,4.65066,NULL
5.32109,3.98826,1
5.41785,4.30344,NULL
4.78196,3.93941,NULL
4.92963,4.13511,NULL
5.86583,3.87593,1
5.80615,3.8023,1
4.53164,4.46975,NULL
5.14343,4.32286,NULL
5.21974,4.4813,NULL
4.88437,4.65531,NULL
5.58624,3.49854,1
6.05835,3.36549,1
4.7998,4.16681,NULL
4.72592,4.5348,NULL
3.99347,4.87208,NULL
5.04532,4.19585,NULL
5.46997,3.44767,1
5.77171,3.29899,1
5.03322,4.66896,NULL
5.63148,3.47722,1
5.20431,3.79011,1
5.49611,3.86495,1
4.45333,4.47122,NULL
4.65434,4.79629,NULL
5.669,4.07889,1
5.10538,4.37522,NULL
4.49816,4.55747,NULL
6.44261,3.97285,1
4.95734,4.03357,NULL
5.88486,3.71597,1
5.67346,3.99399,1
5.10027,4.52473,NULL
7.18281,3.39752,1
4.62442,4.86715,NULL
6.36105,3.68081,1
5.43899,3.27344,1
4.21707,4.84524,NULL
4.13983,4.80159,NULL
5.12876,4.28445,NULL
5.51302,3.36157,1
4.55903,4.78865,NULL
4.35812,5.044,NULL
4.60132,4.9316,NULL
5.32087,3.15019,1
5.78932,3.46309,1
5.9534,3.66489,1
5.81309,3.37304,1
4.07101,4.88214,NULL
4.35304,4.9609,NULL
5.82907,3.4829,1
3.91702,5.09713,NULL
5.51384,3.43784,1
5.58232,3.53016,1
4.81717,5.13381,NULL
4.71872,4.42901,NULL
5.55391,3.25026,1
5.63762,3.63406,1
5.75769,3.92204,1
4.68364,4.84554,NULL
5.66554,3.35878,1
4.3573,4.46434,NULL
5.14001,4.039,NULL
4.81051,4.12076,NULL
4.05132,5.04552,NULL
5.30478,3.5071,1
5.57613,3.39899,1
5.39821,3.79825,1
5.64727,3.59576,1
5.85175,3.61488,1
4.72095,4.71632,NULL
5.5274,3.49045,1
5.58805,3.34138,1
5.01351,3.85537,NULL
4.67131,4.81484,NULL
6.07952,3.65701,1
5.28078,3.3748,1
5.84468,3.68654,1
4.51817,4.93295,NULL
4.70134,4.23272,NULL
4.48684,4.16073,NULL
4.53472,4.39261,NULL
5.40763,3.45473,1
4.7687,4.26825,NULL
4.661,4.24881,NULL
4.77078,5.08193,NULL
5.90801,3.59999,1
4.49175,4.87004,NULL
6.25864,3.38979,1
4.35187,4.17058,NULL
5.90646,4.39069,1
5.08447,4.48596,NULL
4.56746,4.73349,NULL
4.61659,4.44657,NULL
4.61905,4.29929,NULL
5.78757,3.38632,1
4.46672,4.04111,NULL
5.32431,3.44551,1
5.49465,4.05274,1
5.18637,3.66661,1
4.64179,3.9343,NULL
5.54977,2.49924,1
4.11084,4.58385,NULL
6.1433,4.65287,1
4.41741,4.47753,NULL
4.47499,4.27366,NULL
4.10758,4.55824,NULL
5.42049,3.36229,1
5.44206,5.05393,NULL
5.1287,4.31124,NULL
5.0271,4.079,NULL
5.27003,3.12975,1
4.61973,5.18421,NULL
4.87296,4.08491,NULL
5.51497,4.07568,1
4.56197,4.1165,NULL
4.48749,4.85026,NULL
4.33294,4.29974,NULL
4.10528,4.83172,NULL
4.66763,3.91001,NULL
5.1701,3.94705,1
6.05972,4.22597,1
5.3274,3.73359,1
4.78754,4.23662,NULL
4.67656,4.87464,NULL
5.49489,3.47731,1
5.5486,3.65142,1
5.06981,4.25942,NULL
4.29982,4.58839,NULL
6.00164,3.34443,1
4.26062,4.20835,NULL
4.6789,4.29241,NULL
5.46488,3.44594,1
4.71409,4.03582,NULL
5.69488,3.86594,1
4.20689,5.13338,NULL
4.31286,5.35074,NULL
5.10739,5.01935,NULL
6.49283,4.04408,1
5.6278,3.54367,1
4.86049,4.23176,NULL
5.02864,3.53306,1
4.79609,4.16223,NULL
5.50438,4.61834,NULL
4.75697,3.99903,NULL
4.83491,4.60423,NULL
4.62415,5.12789,NULL
4.59464,4.05942,NULL
6.57214,3.90844,1
4.25883,4.62205,NULL
5.00924,3.4872,1
4.36094,5.33725,NULL
4.97553,3.82116,NULL
5.14223,3.39032,1
4.75312,4.001,NULL
5.7637,3.34466,1
4.81648,4.24941,NULL
5.21848,3.68812,1
4.6307,4.20025,NULL
5.95453,3.63649,1
4.65124,4.08083,NULL
5.53112,3.67922,1
4.28324,4.74869,NULL
4.62653,4.76877,NULL
4.32972,4.2508,NULL
4.08171,4.61608,NULL
5.37115,3.63249,1
6.00501,3.40695,1
5.04188,4.15958,NULL
5.50328,3.39369,1
5.30826,3.36848,1
4.53283,4.5621,NULL
4.3818,4.97519,NULL
4.19804,4.09012,NULL
4.8481,3.75277,NULL
4.47375,4.87194,NULL
4.06949,4.30073,NULL
6.13705,4.00495,1
5.28174,3.39574,1
5.16291,3.93396,1
6.15369,3.466,1
4.69021,4.93551,NULL
5.1399,4.52275,NULL
4.97292,4.71885,NULL
3.9825,4.71432,NULL
5.21713,4.18103,NULL
4.71136,3.30299,1
5.65793,3.46608,1
4.7861,3.92342,NULL
4.10909,4.08521,NULL
4.38095,4.52578,NULL
5.48128,3.21037,1
4.85008,4.41823,NULL
4.70726,3.69057,NULL
5.76637,3.8712,1
4.82098,4.22997,NULL
4.83423,3.96614,NULL
4.54403,5.22405,NULL
5.37341,3.2947,1
4.20852,4.27163,NULL
4.28141,4.75419,NULL
4.36142,4.66856,NULL
4.54832,4.82137,NULL
5.61579,3.7945,1
4.81661,4.79924,NULL
5.54062,3.42167,1
4.08958,4.48068,NULL
5.37382,3.54791,1
5.76944,3.30264,1
3.8796,4.7271,NULL
3.66757,5.08478,0
4.6221,4.31228,NULL
4.52848,4.14302,NULL
5.02008,3.97626,NULL
4.26114,4.96343,NULL
6.1652,4.0224,1
4.78398,3.74642,NULL
5.87609,4.06827,1
7.34259,4.02337,1
4.26837,4.35679,NULL
5.17967,4.45597,NULL
5.28423,3.12669,1
5.68408,3.5354,1
5.52944,4.41592,NULL
4.60521,4.2441,NULL
4.3839,4.70101,NULL
5.06346,3.28911,1
5.9592,3.72389,1
4.72955,4.69014,NULL
5.44037,3.75018,1
4.88875,3.82983,NULL
4.59465,4.03719,NULL
4.72286,4.03852,NULL
4.7796,3.87409,NULL
4.53025,4.41904,NULL
4.8892,4.60617,NULL
6.05541,4.18852,1
4.48664,4.50105,NULL
4.37369,4.28682,NULL
5.07903,3.92242,NULL
5.58028,3.43797,1
4.98619,4.30433,NULL
5.40611,4.24512,NULL
5.00811,3.90371,NULL
5.12524,3.40105,1
5.50845,3.44977,1
4.66849,4.4165,NULL
4.52955,3.89551,NULL
4.67767,4.12327,NULL
5.10032,3.66962,1
5.25129,3.56634,1
5.2601,3.16498,1
4.51782,4.27132,NULL
5.28729,3.89161,1
4.31333,4.29025,NULL
5.39501,3.18216,1
4.57441,3.90634,NULL
4.36352,4.19988,NULL
4.72497,4.06203,NULL
4.52957,4.42658,NULL
5.23525,3.66899,1
4.67574,3.68578,NULL
4.2826,4.21263,NULL
5.08869,4.77134,NULL
5.35234,2.89059,1
4.50905,4.42664,NULL
4.44063,4.08903,NULL
5.08468,3.52917,1
3.92805,4.49999,NULL
4.03083,4.36094,NULL
5.89677,3.53333,1
5.61293,3.59165,1
5.54087,3.6121,1
5.10326,3.78485,1
5.55153,4.05423,1
5.20775,3.59593,1
6.28645,3.89563,1
4.78372,4.87797,NULL
4.22995,4.72984,NULL
4.00193,5.20509,0
6.86605,3.97604,1
5.04667,4.11414,NULL
5.43578,4.53408,NULL
5.27509,3.3411,1
4.87764,3.96291,NULL
5.30237,3.46952,1
4.13167,4.77671,NULL
5.58031,3.40416,1
5.13192,3.58432,1
3.92751,4.02629,NULL
4.82379,3.48182,1
5.30132,3.47936,1
5.23563,3.45315,1
4.76405,4.82077,NULL
4.42397,4.72205,NULL
4.45816,4.85701,NULL
5.06089,3.60713,1
4.54667,3.44963,NULL
4.08205,4.60915,NULL
6.72825,3.64812,1
4.82303,3.76301,NULL
4.67817,4.37853,NULL
4.62723,3.72028,NULL
4.86138,3.68995,NULL
4.15763,4.55723,NULL
4.72908,4.41979,NULL
4.28105,5.19134,NULL
4.62693,4.12656,NULL
5.37199,3.28245,1
5.38995,3.29743,1
5.23745,3.86152,1
4.62786,3.71873,NULL
5.35463,3.82932,1
4.85489,4.3176,NULL
3.76968,5.00893,0
6.64649,3.84663,1
3.92345,4.42849,NULL
4.92717,4.04079,NULL
5.01467,3.9703,NULL
4.90308,4.27491,NULL
4.38781,4.20027,NULL
4.86912,3.82392,NULL
5.03548,3.28376,1
5.60698,3.44506,1
5.76352,3.2937,1
4.30489,4.05504,NULL
4.62514,4.31239,NULL
4.85354,4.82045,NULL
5.11952,4.05176,NULL
4.83233,4.76879,NULL
4.11302,5.11739,NULL
4.26534,4.48433,NULL
4.5634,5.35444,NULL
5.13583,3.52592,1
4.63117,4.80997,NULL
5.07077,3.73934,1
5.21582,3.3844,1
5.54379,3.30255,1
4.45735,4.43452,NULL
4.71782,3.67656,NULL
4.65637,4.1521,NULL
5.0628,3.45002,1
4.20682,4.40633,NULL
5.08334,4.31581,NULL
4.55653,4.63999,NULL
5.10042,3.51937,1
4.80888,4.0778,NULL
4.45198,5.32622,NULL
5.66944,3.65012,1
4.65147,4.89328,NULL
4.98749,4.11118,NULL
5.10191,4.13767,NULL
4.77961,4.15208,NULL
4.84895,3.85602,NULL
5.67599,3.19598,1
5.06355,4.55084,NULL
4.17462,4.0181,NULL
4.43626,4.76275,NULL
4.70901,4.18462,NULL
5.09832,4.07381,NULL
4.49718,3.64794,NULL
4.69198,4.45701,NULL
4.92277,4.183,NULL
4.19118,4.14145,NULL
5.34674,3.81691,1
4.77641,5.17595,NULL
5.0067,3.72355,1
5.22202,3.48424,1
4.05628,4.60121,NULL
4.99013,3.41876,1
5.57697,3.7421,1
4.93927,4.20348,NULL
5.1511,3.15067,1
4.85625,3.59798,1
5.11083,3.31378,1
4.83404,3.8724,NULL
5.90536,3.73375,1
4.77235,3.72009,NULL
5.03088,3.32038,1
5.32963,3.1898,1
5.60088,4.5101,NULL
4.53944,3.81836,NULL
5.11625,3.40541,1
4.99066,4.4972,NULL
4.38895,4.43756,NULL
5.67834,3.45446,1
4.05281,3.99272,NULL
6.1471,3.95582,1
4.93987,3.72682,1
4.87973,3.83741,NULL
4.95399,4.3474,NULL
4.47401,5.16525,NULL
4.33243,4.79713,NULL
4.96244,3.54823,1
4.23431,4.61579,NULL
4.42461,4.08403,NULL
4.95069,3.78235,NULL
4.14202,4.57501,NULL
4.19494,4.55075,NULL
5.3315,3.43934,1
6.8481,4.34523,1
5.38746,3.7924,1
4.73738,3.31699,1
4.18132,3.69515,NULL
4.07379,3.98104,NULL
4.70736,3.28252,1
4.69882,4.002,NULL
4.74798,3.67911,NULL
5.01801,3.39773,1
5.43127,3.90935,1
4.25518,4.38652,NULL
4.86756,3.08259,1
4.44759,4.16468,NULL
5.00152,3.60393,1
4.83619,4.8267,NULL
6.1849,3.61921,1
5.65955,3.62425,1
5.74816,3.56489,1
4.15985,5.41417,0
4.51764,4.51487,NULL
5.03613,3.42448,1
4.63695,4.06106,NULL
4.67581,4.12151,NULL
4.34734,4.38201,NULL
5.01698,4.41206,NULL
4.63168,3.68496,NULL
6.03225,3.71368,1
4.5983,4.5443,NULL
4.84032,3.89342,NULL
4.76985,3.27982,1
4.8134,3.94868,NULL
5.05211,4.40809,NULL
4.21609,4.57076,NULL
3.88902,4.41979,NULL
3.87378,4.36793,NULL
4.90795,3.50515,1
4.09799,4.76314,NULL
4.66756,3.8785,NULL
4.27443,4.21921,NULL
4.51971,3.94741,NULL
4.15383,4.56763,NULL
3.86882,4.55801,NULL
3.75479,4.77736,NULL
5.30832,4.27603,NULL
4.00656,4.04722,NULL
4.46082,4.08436,NULL
4.87593,4.64099,NULL
4.28162,4.61442,NULL
5.53015,3.70645,1
4.54157,3.64963,NULL
4.02548,5.1852,NULL
5.15782,3.83745,1
4.64306,5.12742,NULL
4.24574,3.97168,NULL
5.41652,3.30627,1
4.71643,4.12224,NULL
3.71363,5.33332,0
5.38652,3.9284,1
4.46981,3.70785,NULL
3.957,4.69955,NULL
5.21142,3.3153,1
3.79998,4.68075,NULL
4.44861,4.46104,NULL
4.8733,3.58211,1
4.8059,3.93698,NULL
4.51071,4.17167,NULL
4.8024,4.10496,NULL
4.46865,3.65581,NULL
4.78523,4.36923,NULL
4.50898,3.75797,NULL
4.06413,4.00767,NULL
5.63103,4.30255,1
4.48054,3.90552,NULL
5.24096,3.488,1
4.06248,4.49612,NULL
4.45302,4.63462,NULL
4.24442,4.6077,NULL
4.10823,4.00951,NULL
5.04035,3.06274,1
5.74875,3.37257,1
4.45354,3.79881,NULL
4.76283,3.35565,1
5.07187,4.81146,NULL
4.59204,4.60728,NULL
4.66812,3.95844,NULL
4.07847,4.39482,NULL
4.50047,4.10782,NULL
4.30184,4.58823,NULL
4.62046,4.16544,NULL
4.12325,3.69287,NULL
5.02222,3.41659,1
4.50081,3.91018,NULL
4.51582,4.71859,NULL
4.99097,3.34926,1
4.80886,3.23381,1
4.88597,3.93429,NULL
4.9283,3.76226,NULL
4.08893,4.533,NULL
4.61824,4.371,NULL
4.34612,3.97322,NULL
4.81512,3.81197,NULL
4.69261,4.44226,NULL
5.1549,4.67656,NULL
5.28758,3.78332,1
5.05203,4.36885,NULL
4.19851,4.46987,NULL
4.76413,4.65108,NULL
4.37737,3.88652,NULL
5.0689,3.69053,1
4.30698,3.89372,NULL
5.13231,4.27551,NULL
3.83263,4.93002,NULL
4.48025,5.25579,NULL
4.63432,3.66656,NULL
3.92077,4.80939,NULL
4.80463,4.30151,NULL
5.43565,3.00253,1
4.50662,3.64056,NULL
4.21477,4.53787,NULL
4.40129,5.83652,0
4.86454,3.70064,NULL
4.80294,4.15261,NULL
4.77502,3.22222,1
4.20582,4.14986,NULL
4.30505,4.38966,NULL
4.60637,3.80503,NULL
5.55089,3.52696,1
5.27499,3.24566,1
4.40603,4.55318,NULL
3.86859,4.62178,NULL
4.30125,3.96425,NULL
3.94096,3.95334,NULL
4.47687,3.72965,NULL
4.6382,4.114,NULL
4.32533,4.58161,NULL
4.99018,4.65327,NULL
4.74988,4.30758,NULL
5.12621,3.74941,1
4.10264,4.31569,NULL
5.54515,3.81487,1
4.58966,4.11009,NULL
4.05698,4.01219,NULL
4.42696,4.46373,NULL
5.06835,4.74933,NULL
4.14382,4.62225,NULL
5.08391,3.05796,1
5.03865,3.02753,1
3.9919,3.94703,NULL
5.08763,3.30249,1
4.44998,4.64643,NULL
4.89764,3.80554,NULL
5.01916,4.16416,NULL
4.15408,3.96303,NULL
4.64596,4.36609,NULL
5.11077,3.43709,1
5.09854,3.28353,1
5.27626,2.96257,1
4.36486,4.30676,NULL
5.1309,2.9596,1
4.83557,4.39068,NULL
4.9866,3.44782,1
4.64061,4.52382,NULL
5.08436,3.25409,1
3.7248,4.60746,NULL
4.47416,5.31815,NULL
4.02453,3.8625,NULL
4.5312,3.91183,NULL
4.98492,3.49508,1
4.68916,4.11249,NULL
4.76014,4.15751,NULL
4.61783,3.90273,NULL
4.03503,4.02242,NULL
4.13283,4.10634,NULL
4.31131,3.74785,NULL
5.06712,4.36599,NULL
4.33174,4.48733,NULL
4.37332,4.59707,NULL
5.52616,3.80988,1
5.06479,3.62781,1
4.63359,3.57926,NULL
4.88195,3.46176,1
5.06562,3.11501,1
4.63507,3.46702,NULL
5.18917,3.35658,1
5.48275,3.47809,1
4.05641,3.81721,NULL
4.63601,4.21813,NULL
4.86691,3.53923,1
4.56686,4.23691,NULL
3.73927,4.48917,NULL
4.75128,4.52811,NULL
4.738,3.91538,NULL
4.63767,4.75483,NULL
3.95489,4.41699,NULL
4.57804,3.57859,NULL
4.10543,4.49421,NULL
5.51047,4.14571,1
4.5605,3.47423,NULL
4.84562,4.72205,NULL
4.89832,3.07744,1
5.0417,4.14415,NULL
4.55885,3.8722,NULL
4.35505,4.86558,NULL
4.77247,3.84093,NULL
4.89536,4.17979,NULL
3.88949,4.34164,NULL
5.44674,4.18201,1
5.17158,3.96364,1
4.3491,3.87696,NULL
3.92119,4.07885,NULL
3.99696,3.8414,NULL
5.322,3.00486,1
3.91478,3.92536,NULL
5.01199,3.27824,1
4.70775,4.4287,NULL
3.98498,4.43318,NULL
4.48541,4.73768,NULL
6.02247,3.3972,1
5.099,3.63089,1
4.82397,3.66398,NULL
4.89792,4.24648,NULL
4.08661,4.05466,NULL
4.67769,3.62301,NULL
4.37445,4.50378,NULL
4.70394,3.61267,NULL
7.16334,3.72399,1
3.70134,4.46356,NULL
4.30055,4.70837,NULL
4.95923,3.27565,1
4.20555,4.58674,NULL
4.6356,4.19423,NULL
4.11638,3.91305,NULL
4.85228,3.37821,1
4.2696,4.12612,NULL
4.16768,3.88413,NULL
4.39127,5.61813,0
4.20767,3.65495,NULL
5.84712,3.21404,1
4.20424,4.00021,NULL
4.78451,3.6245,NULL
5.35384,3.32037,1
4.4689,4.13905,NULL
4.85355,4.59069,NULL
4.0955,3.79006,NULL
4.58826,3.66542,NULL
4.09196,4.49344,NULL
4.55103,4.39691,NULL
4.04974,3.76959,NULL
5.2734,3.69563,1
4.51895,3.45553,NULL
5.09516,3.00098,1
4.82442,4.6669,NULL
4.33489,4.23443,NULL
4.97095,3.08153,1
4.94519,3.55728,1
5.55004,3.33876,1
4.55642,3.90167,NULL
5.06963,3.79226,1
4.10245,4.39361,NULL
4.13379,4.48497,NULL
4.37737,3.85806,NULL
4.55709,4.65778,NULL
4.06935,4.08544,NULL
4.58901,3.71789,NULL
4.96114,3.5154,1
4.76598,3.17987,1
4.29494,3.91721,NULL
4.8852,3.98974,NULL
5.3491,3.55967,1
4.31192,3.86321,NULL
4.10318,4.18222,NULL
3.90392,4.40381,NULL
4.79602,3.70776,NULL
5.03774,2.8455,1
4.14859,4.37012,NULL
4.7798,3.78377,NULL
4.34752,4.95607,NULL
4.48053,4.9358,NULL
4.82246,3.86772,NULL
5.72918,3.51082,1
5.14902,3.37989,1
4.20518,3.61218,NULL
4.40207,4.81969,NULL
3.42919,4.48205,NULL
4.43272,4.20074,NULL
4.26476,3.66684,NULL
3.97776,4.33139,NULL
4.04914,4.79456,NULL
4.66299,4.17045,NULL
5.16713,4.48719,NULL
4.16092,4.01663,NULL
4.52656,4.84803,NULL
5.31747,2.81233,1
4.48232,3.55279,NULL
4.2014,3.92134,NULL
4.5767,3.5477,NULL
5.31624,2.90393,1
5.17912,3.82062,1
4.38019,4.36148,NULL
4.79622,3.21923,1
3.90981,3.82652,NULL
4.51292,5.83969,0
5.09142,3.78191,1
4.88847,4.33601,NULL
4.99764,3.35571,1
5.05653,2.90842,1
5.0531,3.21129,1
4.60393,3.58781,NULL
4.72458,3.87409,NULL
4.93662,3.66508,1
4.16868,4.15622,NULL
4.00864,4.17166,NULL
3.88726,3.88345,NULL
4.6203,3.83606,NULL
4.39347,4.18267,NULL
4.42325,3.98261,NULL
4.7983,4.82323,NULL
4.4642,4.379,NULL
4.98862,3.48524,1
5.02971,3.4843,1
4.61554,3.57367,NULL
3.82074,4.30739,NULL
4.02434,4.36843,NULL
3.73323,4.48065,NULL
4.75049,4.18027,NULL
5.18922,3.49382,1
4.30916,4.01512,NULL
4.36642,4.19822,NULL
4.09626,4.33329,NULL
4.38951,3.6272,NULL
4.93038,3.31996,1
4.86098,3.63179,1
4.03871,4.17715,NULL
4.52447,3.57136,NULL
4.16736,3.68101,NULL
5.80483,3.95492,1
3.7944,4.78295,NULL
4.69895,3.72948,NULL
4.38508,3.96767,NULL
4.4424,4.70166,NULL
4.97276,3.81057,NULL
4.70891,4.59384,NULL
4.96138,4.45937,NULL
4.54104,3.7804,NULL
4.74424,3.6239,NULL
4.51486,3.74374,NULL
4.20867,3.88255,NULL
4.82091,3.55845,1
4.72436,3.08974,1
5.22704,3.22143,1
4.58039,3.20056,1
5.07135,3.26264,1
5.47341,4.0159,1
4.88672,4.51673,NULL
4.89709,3.08386,1
5.15336,3.25338,1
5.57922,3.22563,1
5.21089,4.45583,NULL
3.99976,4.08477,NULL
4.64358,3.38819,1
3.82206,3.74649,NULL
3.99079,4.12066,NULL
4.36228,4.02667,NULL
4.22887,3.66492,NULL
4.35527,4.03488,NULL
5.01625,4.75919,NULL
4.11586,3.99618,NULL
4.7707,4.77472,NULL
4.83258,4.08585,NULL
4.83257,3.5694,1
4.09443,4.57543,NULL
4.65199,3.24177,1
4.44329,4.24753,NULL
4.50832,4.44191,NULL
4.05792,4.19208,NULL
4.5677,4.13649,NULL
4.88583,3.5198,1
4.32711,3.50601,NULL
4.42265,4.45365,NULL
4.95328,4.6991,NULL
4.40111,4.43731,NULL
4.37499,3.62993,NULL
3.94424,4.17228,NULL
4.22038,4.24555,NULL
4.14887,3.89297,NULL
5.42867,4.49748,NULL
4.3233,4.61615,NULL
4.15042,3.58542,NULL
4.57009,3.56729,NULL
4.10059,3.91736,NULL
4.62265,3.40164,1
4.74376,3.55111,NULL
4.56979,3.12792,1
5.75509,3.50093,1
4.837,4.65213,NULL
4.83883,3.13756,1
4.67944,4.03079,NULL
4.83442,3.74594,NULL
5.28114,3.12266,1
4.92829,3.72833,NULL
4.54127,3.66507,NULL
4.49652,4.37586,NULL
5.19426,3.29119,1
3.8739,4.39152,NULL
5.12612,4.24382,NULL
4.36924,4.17366,NULL
4.81282,3.41403,1
4.50721,4.11395,NULL
4.6609,3.44648,1
3.95008,3.75045,NULL
4.92685,2.88836,1
3.91869,3.8713,NULL
4.86164,2.90685,1
4.79014,4.32382,NULL
4.81614,3.78359,NULL
4.19947,4.15064,NULL
4.49095,3.40195,NULL
3.58252,4.3945,NULL
4.52992,3.4837,NULL
3.88892,4.3333,NULL
4.56963,4.03693,NULL
4.338,4.16503,NULL
5.76762,4.01926,1
4.73997,3.77574,NULL
5.00847,2.97552,1
4.83479,3.16393,1
4.48003,3.40591,NULL
4.56628,3.74878,NULL
4.13707,4.09274,NULL
5.14226,3.2271,1
4.70046,3.94931,NULL
4.96392,3.1099,1
4.20827,3.80399,NULL
4.12154,4.2356,NULL
4.78798,3.24049,1
4.39702,4.40176,NULL
4.46571,4.5209,NULL
4.32498,3.92678,NULL
4.57691,3.15803,1
4.41829,3.75515,NULL
4.10463,3.98905,NULL
4.85187,4.52215,NULL
4.39255,4.11376,NULL
3.86485,4.11426,NULL
4.1536,3.87234,NULL
4.88473,3.00953,1
3.9549,5.53662,0
6.14761,3.60834,1
4.18103,4.15365,NULL
4.04147,4.0277,NULL
4.26026,4.14979,NULL
4.39076,3.88768,NULL
4.10767,4.51626,NULL
4.58694,3.80914,NULL
4.19272,4.38168,NULL
4.53679,3.78516,NULL
4.48711,3.54483,NULL
4.52252,4.10972,NULL
5.04426,3.16556,1
4.69842,3.72123,NULL
4.95442,2.8492,1
5.16814,5.4524,NULL
5.33508,2.98894,1
4.76034,3.86971,NULL
4.70052,4.09186,NULL
4.36838,4.06067,NULL
6.22579,3.77077,1
4.22408,3.89292,NULL
4.1893,4.34076,NULL
4.64342,4.26447,NULL
5.52034,3.38571,1
4.55678,3.71515,NULL
4.90845,3.50171,1
4.3085,4.33632,NULL
3.98433,3.75665,NULL
5.01995,3.25141,1
5.86596,3.88293,1
4.74805,4.05991,NULL
3.67006,4.37552,NULL
4.66548,3.18289,1
4.33353,3.44427,NULL
3.84227,4.55171,NULL
4.46925,3.97559,NULL
4.83487,3.66298,NULL
4.92254,3.18699,1
4.2412,5.10645,NULL
4.8702,3.21387,1
4.55471,4.49401,NULL
5.24535,3.25629,1
4.41558,3.82085,NULL
4.25531,3.68566,NULL
4.45624,3.51251,NULL
4.59318,4.11024,NULL
4.03162,3.87567,NULL
4.78271,3.66893,NULL
4.64689,3.0813,1
4.00576,4.87523,NULL
4.62633,3.66851,NULL
4.86125,4.00959,NULL
5.14244,4.85903,NULL
4.14563,3.86852,NULL
3.97499,3.65523,NULL
5.16018,4.46662,NULL
3.84053,3.80246,NULL
4.12025,4.24929,NULL
3.97842,3.83773,NULL
4.27552,3.75912,NULL
3.80326,4.24898,NULL
4.17761,4.16883,NULL
4.46645,3.93627,NULL
4.79094,3.24603,1
3.8913,3.99661,NULL
4.344,3.88558,NULL
5.42983,4.79217,NULL
4.31224,4.04691,NULL
4.36919,3.71013,NULL
4.32392,4.46991,NULL
4.55493,4.31537,NULL
3.81936,4.1144,NULL
4.26408,3.6758,NULL
4.45601,3.74098,NULL
6.09619,3.87624,1
5.53252,3.83317,1
4.30488,3.57771,NULL
4.21201,3.90311,NULL
4.16966,3.89132,NULL
4.03774,4.75381,NULL
4.34895,4.54954,NULL
4.4829,3.63365,NULL
4.4597,3.92797,NULL
4.82634,3.443,1
4.05449,4.34735,NULL
4.0847,4.44529,NULL
4.2713,4.37331,NULL
4.35532,3.8942,NULL
4.63958,3.36351,1
4.32944,3.65252,NULL
4.86224,5.22175,NULL
4.25356,4.0278,NULL
4.45856,3.99504,NULL
5.72268,3.51433,1
4.34843,4.383,NULL
4.37885,3.57868,NULL
4.83339,3.01155,1
5.55006,4.37781,NULL
4.69227,3.43032,1
4.7526,3.24145,1
5.59324,3.71737,1
3.78182,3.81151,NULL
5.10506,3.32316,1
4.51086,5.00608,NULL
4.87544,2.86436,1
4.04314,3.79058,NULL
4.09618,3.97533,NULL
4.67137,4.0601,NULL
4.59623,4.32567,NULL
6.01439,3.40458,1
4.11425,4.09298,NULL
4.94102,3.20624,1
4.44782,3.96977,NULL
4.13861,3.61468,NULL
4.15903,3.91978,NULL
4.08482,3.60075,NULL
5.05153,2.90224,1
3.97329,3.82368,NULL
4.44121,3.89362,NULL
3.88037,3.70265,NULL
3.19922,4.80653,0
4.97188,3.99272,NULL
5.39292,3.41974,1
4.57462,3.34598,1
4.78668,3.31862,1
4.01343,3.96574,NULL
4.04756,3.88501,NULL
4.43728,3.57411,NULL
4.48469,4.01563,NULL
3.85893,3.76376,NULL
4.57839,3.91559,NULL
4.83448,2.8906,1
4.74059,3.66251,NULL
3.94986,4.32426,NULL
5.03783,3.78162,1
3.88109,3.91052,NULL
4.49938,4.03459,NULL
4.76102,4.47562,NULL
5.71462,5.31327,NULL
5.25392,3.5493,1
5.03086,3.32425,1
5.39157,2.97859,1
3.93938,4.46809,NULL
4.07733,3.70044,NULL
4.11199,4.11153,NULL
4.72809,4.24895,NULL
4.58261,3.40404,NULL
3.97128,4.27277,NULL
4.66187,3.34045,1
5.21011,3.01817,1
4.77857,3.75544,NULL
4.04607,4.42912,NULL
4.57389,4.26168,NULL
4.77526,4.16669,NULL
4.54954,3.25706,1
4.56984,4.34803,NULL
4.61907,3.63007,NULL
4.24105,4.64071,NULL
4.57642,3.79166,NULL
4.33982,4.00518,NULL
4.73547,3.50635,1
4.28032,3.90985,NULL
4.22837,3.9375,NULL
4.59871,5.30769,NULL
4.49349,3.67694,NULL
3.92304,4.56465,NULL
5.13245,3.6901,1
5.68356,4.27502,1
3.9284,3.75385,NULL
4.65713,3.81001,NULL
4.06765,4.30975,NULL
3.78255,3.71795,NULL
4.53549,3.6595,NULL
4.09499,3.85957,NULL
4.65742,3.73824,NULL
4.71175,4.15277,NULL
3.93793,4.34503,NULL
4.3353,3.50421,NULL
5.42078,3.61662,1
4.45467,4.11915,NULL
5.01634,3.44434,1
4.30254,3.82344,NULL
4.7421,3.01954,1
4.1249,3.96067,NULL
4.43675,3.99539,NULL
5.01234,3.09102,1
5.03478,2.78837,1
4.50105,3.77072,NULL
4.81688,3.26576,1
4.85145,3.12786,1
4.96233,3.56131,1
4.34063,4.16872,NULL
3.91853,4.0059,NULL
3.65787,4.10966,NULL
4.3197,5.10392,NULL
3.80268,4.35896,NULL
4.36232,4.5293,NULL
4.81758,2.8212,1
5.28618,3.19324,1
4.10398,4.08008,NULL
3.93777,3.87073,NULL
5.18582,3.52345,1
4.69686,3.15969,1
4.89395,3.2571,1
4.44432,4.1114,NULL
3.89284,3.90764,NULL
4.99433,2.75095,1
4.21602,3.32749,NULL
4.22364,4.01372,NULL
5.01949,3.71722,1
4.08124,3.8376,NULL
4.73091,3.22151,1
4.05456,3.65813,NULL
4.09919,3.75331,NULL
3.68889,4.33299,NULL
4.2097,3.80374,NULL
4.14177,3.58454,NULL
3.97844,3.46517,NULL
4.22948,4.09731,NULL
4.80715,3.40079,1
4.96098,3.785,NULL
4.75343,3.58411,NULL
4.01992,4.0775,NULL
3.73436,3.57619,NULL
5.12177,4.02591,NULL
4.9077,3.41642,1
4.58617,3.78936,NULL
4.53591,3.89521,NULL
4.05485,4.37993,NULL
4.058,4.72545,NULL
5.56463,4.21695,1
4.45476,4.07238,NULL
4.86693,3.18819,1
3.85472,4.57881,NULL
3.69271,3.7546,NULL
4.04815,3.97862,NULL
4.71403,3.13334,1
3.72429,3.84537,NULL
3.93133,3.89896,NULL
4.77201,3.44412,1
4.94207,3.80316,NULL
4.26537,4.13521,NULL
6.30281,3.79905,1
4.30206,3.98538,NULL
5.07593,3.4042,1
4.08151,4.43724,NULL
4.82305,3.36684,1
3.78754,4.67149,NULL
4.03997,4.13814,NULL
4.16376,4.30179,NULL
4.22915,3.76314,NULL
4.68536,3.83647,NULL
4.38833,3.95749,NULL
5.04274,4.20624,NULL
4.87981,2.99437,1
4.71784,3.2898,1
4.01816,3.83119,NULL
5.29089,4.03634,1
4.90241,3.93634,NULL
4.01546,4.27653,NULL
4.62463,3.75006,NULL
4.90047,3.17057,1
4.54046,4.292,NULL
4.71578,2.98248,1
3.98155,4.34854,NULL
4.32277,3.9769,NULL
4.4224,4.86875,NULL
4.56862,3.98993,NULL
4.92135,4.11204,NULL
4.69054,4.80623,NULL
4.33944,3.78958,NULL
4.55949,3.76227,NULL
5.06755,4.4081,NULL
5.11553,5.19114,NULL
4.61052,3.0815,1
4.70607,3.22116,1
4.2047,3.78473,NULL
4.87959,3.15199,1
4.48089,5.11349,NULL
4.57937,4.44133,NULL
4.37621,4.52184,NULL
5.51064,3.57767,1
4.37938,3.78779,NULL
4.39465,3.44144,NULL
4.76921,2.95843,1
4.0316,4.46274,NULL
4.11274,4.56922,NULL
4.63307,3.88151,NULL
4.81084,5.49264,NULL
3.80352,3.76364,NULL
4.86263,3.12316,1
4.04143,3.79831,NULL
3.82114,3.92634,NULL
5.12924,4.93471,NULL
3.86695,3.6214,NULL
4.32129,5.25481,NULL
3.71648,3.74461,NULL
4.25105,3.85667,NULL
4.69023,3.5871,NULL
4.88535,3.00115,1
4.7461,3.41966,1
4.54181,3.7363,NULL
4.04575,4.14802,NULL
4.1183,3.92822,NULL
5.15734,4.21201,NULL
4.40072,3.39334,NULL
5.54316,3.39701,1
4.07989,4.0935,NULL
4.72885,4.17319,NULL
4.98345,3.00777,1
4.74464,3.22652,1
3.73938,4.16324,NULL
3.89909,3.97001,NULL
5.71009,3.95608,1
4.98612,3.58535,1
4.09541,4.235,NULL
4.39651,3.8364,NULL
4.32132,3.16537,NULL
4.54591,3.36831,NULL
4.64174,3.59279,NULL
4.04318,3.89042,NULL
4.64852,3.71511,NULL
4.87709,3.14911,1
3.74126,4.7404,NULL
4.67186,4.35663,NULL
4.53611,3.81396,NULL
4.42497,5.26945,NULL
4.25731,4.11774,NULL
3.90816,4.28003,NULL
4.93113,4.24759,NULL
4.49398,4.29337,NULL
5.01149,3.18582,1
3.60299,3.93809,NULL
5.65947,3.77864,1
4.81879,3.09999,1
3.85141,3.77252,NULL
4.55573,2.84768,1
4.29466,4.07962,NULL
4.48438,3.51019,NULL
3.8683,3.87319,NULL
4.87452,2.88359,1
4.81115,3.28871,1
4.7877,3.52291,1
4.42309,3.26082,NULL
5.11476,3.57782,1
3.81785,3.89605,NULL
4.24774,3.79204,NULL
4.39293,3.56678,NULL
3.62773,3.97524,NULL
4.02553,3.84928,NULL
4.31222,3.97943,NULL
3.62724,4.22587,NULL
4.15886,4.06152,NULL
4.73377,3.27564,1
3.9017,3.75309,NULL
4.01128,4.35147,NULL
4.68309,4.2954,NULL
4.18962,3.82887,NULL
3.80046,4.08064,NULL
3.71538,3.88319,NULL
4.00738,4.19418,NULL
4.2067,4.00588,NULL
3.59375,4.20573,NULL
4.57602,3.47768,NULL
4.06261,3.98648,NULL
4.69523,3.35834,1
4.50285,4.21629,NULL
5.40157,3.25953,1
4.10913,4.3383,NULL
4.36068,3.25315,NULL
4.92025,3.44591,1
3.94878,3.64872,NULL
4.75117,4.42562,NULL
4.31396,4.02961,NULL
4.203,3.77442,NULL
4.29067,4.63408,NULL
3.87534,3.69857,NULL
4.39518,3.54521,NULL
4.42304,4.14649,NULL
5.17092,3.08582,1
4.85861,3.12914,1
4.53476,4.04778,NULL
3.99363,4.32488,NULL
4.1416,4.19833,NULL
4.76917,3.66535,NULL
3.91895,4.15357,NULL
4.63856,3.68841,NULL
4.98572,3.34578,1
4.71838,4.43721,NULL
4.67497,3.1167,1
5.23356,3.49145,1
4.71433,3.11365,1
4.02724,3.91236,NULL
4.4788,5.2953,NULL
4.22795,4.01381,NULL
4.22852,4.05335,NULL
4.81101,3.11955,1
4.81739,4.11703,NULL
4.61334,2.92886,1
5.36928,3.19648,1
3.30737,4.34009,NULL
3.93202,4.26363,NULL
4.77621,3.37624,1
4.64252,3.57799,NULL
4.1782,4.51833,NULL
4.50339,3.52323,NULL
4.36253,4.35843,NULL
4.27857,3.91692,NULL
3.82415,4.4974,NULL
4.20167,4.57093,NULL
4.2534,4.22268,NULL
5.13686,3.31112,1
4.73614,3.31527,1
4.05301,4.96019,NULL
4.85507,3.49079,1
4.39432,4.49066,NULL
4.56178,3.89135,NULL
4.87362,3.40979,1
4.44567,4.11767,NULL
3.94293,4.46665,NULL
4.89645,3.15666,1
4.05349,3.86192,NULL
4.31843,3.91525,NULL
5.18528,3.44027,1
4.95579,4.26782,NULL
3.83965,3.86896,NULL
4.58864,2.9218,1
4.71793,3.38979,1
4.14402,4.4779,NULL
4.16095,4.02827,NULL
4.26941,3.77721,NULL
4.40894,4.27072,NULL
4.23973,4.03018,NULL
3.73406,3.63976,NULL
4.80903,3.25035,1
4.33573,3.27249,NULL
3.79021,3.642,NULL
4.74803,2.99335,1
4.95723,3.35283,1
4.02398,3.43125,NULL
4.68165,3.27343,1
4.20071,4.10794,NULL
4.07274,4.36558,NULL
3.98893,4.25581,NULL
4.13792,4.44428,NULL
3.71184,3.65571,NULL
4.13897,4.4692,NULL
4.98737,3.08128,1
4.86667,3.21784,1
4.24114,4.15988,NULL
4.21846,3.96646,NULL
4.45601,3.89906,NULL
4.71228,3.19302,1
4.86222,2.96197,1
3.85413,4.42349,NULL
4.71196,3.29317,1
4.4813,3.72593,NULL
4.92221,2.98536,1
3.9876,3.77588,NULL
4.7188,3.59281,NULL
4.88603,3.07695,1
4.81165,3.12645,1
4.32527,4.26075,NULL
4.53176,3.68091,NULL
4.64801,3.95973,NULL
4.90525,2.85861,1
4.88444,4.1654,NULL
3.59974,3.86672,NULL
4.09598,3.84349,NULL
5.08542,3.29566,1
4.46847,3.9468,NULL
5.50242,2.48139,1
4.08654,3.72956,NULL
3.78493,3.7824,NULL
4.24157,4.03616,NULL
4.9055,4.44841,NULL
4.50427,4.31691,NULL
4.83046,4.73781,NULL
4.44613,4.02642,NULL
3.80163,3.84176,NULL
4.45571,4.6068,NULL
3.84737,3.87806,NULL
4.11915,3.82898,NULL
6.64203,4.12921,1
4.04998,4.11566,NULL
4.54565,4.88806,NULL
3.82554,3.58531,NULL
3.90113,4.79284,NULL
4.78965,5.41527,NULL
4.47755,4.11146,NULL
4.59865,3.68104,NULL
3.83265,3.7039,NULL
4.25869,3.91767,NULL
4.58021,3.39745,NULL
4.29276,3.53552,NULL
5.0928,4.50426,NULL
4.56787,3.50651,NULL
4.74144,3.21785,1
4.07408,3.58742,NULL
4.18056,3.85693,NULL
4.44495,3.80166,NULL
4.42702,3.71065,NULL
4.52437,4.80891,NULL
4.66914,3.31281,1
4.66289,3.28712,1
4.65435,3.9103,NULL
4.40276,4.01438,NULL
3.94585,3.27928,NULL
5.42975,2.9759,1
4.34634,3.8409,NULL
4.34637,3.97557,NULL
4.46524,4.31987,NULL
4.16165,3.94764,NULL
4.48531,3.50018,NULL
5.4548,4.71876,NULL
4.47303,3.39644,NULL
5.28068,3.63027,1
4.28324,3.94049,NULL
4.74217,3.22558,1
5.11821,3.78803,1
4.75505,3.61084,NULL
4.45994,3.90629,NULL
3.90655,4.23331,NULL
4.47371,3.69826,NULL
4.267,4.16924,NULL
4.54981,4.11645,NULL
4.49583,3.18313,1
4.88018,4.57589,NULL
3.741,3.65667,NULL
4.95381,3.72115,1
3.78903,4.50129,NULL
4.3979,4.49511,NULL
4.38493,3.53502,NULL
3.65086,3.74427,NULL
4.22347,4.62776,NULL
4.65868,3.55727,NULL
4.9568,3.21903,1
4.62063,3.32229,1
4.96136,3.40897,1
5.23757,3.50123,1
4.05803,3.69971,NULL
4.92336,3.76097,NULL
4.33844,4.3279,NULL
4.58842,3.16976,1
5.51288,4.52706,NULL
4.09669,3.79529,NULL
4.21272,4.0986,NULL
4.28707,3.33388,NULL
4.37288,3.0556,1
4.40866,3.21015,NULL
4.28104,3.62461,NULL
4.51842,3.57588,NULL
4.27939,3.53689,NULL
4.25546,3.9626,NULL
4.38789,4.15622,NULL
4.31682,3.80244,NULL
4.09238,3.92496,NULL
5.3828,4.036,1
3.5045,3.99606,NULL
3.9676,4.02057,NULL
3.86196,3.34409,NULL
4.44499,4.05354,NULL
4.9849,4.3432,NULL
5.04516,4.83241,NULL
4.69033,3.41222,1
4.86468,3.89124,NULL
3.76777,3.8149,NULL
3.48205,4.74742,0
3.71328,3.69888,NULL
5.17254,3.73385,1
4.11827,3.65832,NULL
4.54295,4.19669,NULL
4.64972,3.38727,1
4.12726,3.50805,NULL
4.97336,3.4712,1
4.56234,3.221,1
4.10627,4.16673,NULL
4.13275,3.7267,NULL
4.6791,3.32412,1
5.43268,3.4469,1
4.92353,3.19054,1
5.28129,4.15121,NULL
4.14037,4.05439,NULL
4.04496,3.81996,NULL
4.72553,4.58065,NULL
4.21709,4.36862,NULL
4.50939,3.79159,NULL
4.20207,3.76984,NULL
4.35875,3.59163,NULL
4.50529,3.7818,NULL
4.57012,3.32968,1
4.32761,3.67838,NULL
3.90207,4.12423,NULL
4.26051,4.14661,NULL
5.21331,3.04491,1
4.29756,4.07807,NULL
4.19585,3.74768,NULL
3.89969,4.50806,NULL
4.73178,4.18777,NULL
5.01636,3.42193,1
4.38406,3.1317,1
3.78179,3.63765,NULL
4.76454,3.00563,1
4.66333,4.07275,NULL
4.02342,3.93632,NULL
4.71587,3.04881,1
4.58196,3.83837,NULL
3.68806,3.48035,NULL
5.49345,3.69173,1
4.6181,3.15647,1
3.59132,4.37472,NULL
4.46858,4.31562,NULL
3.92304,4.65066,NULL
4.55831,3.50565,NULL
4.75013,3.18821,1
4.07856,3.88206,NULL
4.83083,3.31225,1
4.42299,3.14932,1
4.7988,3.25002,1
5.74667,3.24533,1
4.47432,3.57723,NULL
4.66453,3.3947,1
3.99953,4.13321,NULL
4.72444,3.38761,1
5.92564,3.45812,1
4.05251,3.79659,NULL
4.87808,3.35672,1
4.03411,3.73875,NULL
3.88504,3.66132,NULL
4.80695,2.9201,1
4.30001,4.81831,NULL
4.29195,3.64819,NULL
4.79905,3.04367,1
5.01723,3.92046,NULL
3.83516,3.97068,NULL
3.91863,4.18239,NULL
4.71989,4.09635,NULL
3.90081,3.7999,NULL
4.40042,3.50437,NULL
3.48847,4.83864,0
4.48556,4.30313,NULL
4.17676,3.83316,NULL
4.21374,3.42787,NULL
4.64698,3.21422,1
4.48902,3.54275,NULL
5.13768,3.05377,1
4.35378,3.54002,NULL
5.36906,3.46541,1
4.57461,3.14401,1
5.03591,3.12913,1
5.80153,2.87968,1
4.00232,4.63627,NULL
4.44191,3.58316,NULL
4.8072,2.91777,1
4.33087,3.95134,NULL
3.79413,3.98673,NULL
3.48973,4.22037,NULL
4.66377,4.83407,NULL
4.05501,3.93903,NULL
4.74584,2.66348,1
3.86805,4.05707,NULL
3.7734,3.58728,NULL
4.44528,3.61244,NULL
4.06029,3.58265,NULL
3.6252,4.57275,NULL
3.7333,3.51645,NULL
4.72692,3.81677,NULL
4.4622,3.75698,NULL
5.13405,4.31804,NULL
4.31033,3.42804,NULL
4.0405,4.10569,NULL
4.36841,3.89323,NULL
4.21981,3.72087,NULL
4.57274,3.79473,NULL
4.0993,4.09918,NULL
4.65229,3.46677,NULL
5.04652,3.09341,1
4.86681,3.70596,NULL
3.95627,3.71977,NULL
5.61731,3.97824,1
4.64668,3.04475,1
4.13038,3.82012,NULL
4.59934,3.26026,1
4.43401,3.62187,NULL
3.88953,4.33863,NULL
4.86853,3.24426,1
4.32541,3.55132,NULL
4.20033,4.00354,NULL
4.76725,4.13892,NULL
4.27548,4.39817,NULL
4.18667,4.26609,NULL
4.45082,3.42656,NULL
4.72002,3.07114,1
4.3864,3.54442,NULL
4.83132,2.69339,1
4.07092,3.67638,NULL
4.88194,3.43441,1
4.68335,2.85091,1
4.20688,3.62265,NULL
4.15406,3.89683,NULL
4.86675,2.89539,1
3.90143,3.69405,NULL
4.68288,3.31195,1
4.20184,3.90177,NULL
4.64146,3.62001,NULL
3.71633,4.06183,NULL
5.07134,3.17212,1
4.79594,3.93591,NULL
4.67208,3.17157,1
4.65402,3.39486,1
4.1986,4.68997,NULL
3.9008,4.11171,NULL
5.02723,4.29534,NULL
4.37601,4.48184,NULL
4.10518,4.17852,NULL
4.701,3.20844,1
4.50796,3.86276,NULL
4.17496,4.14703,NULL
3.67407,4.1094,NULL
4.00596,4.34509,NULL
3.97987,3.39367,NULL
4.17436,3.83046,NULL
6.29645,4.09071,1
4.93079,2.88142,1
4.09544,3.94315,NULL
4.28912,4.31778,NULL
3.97168,4.43644,NULL
4.49519,4.57372,NULL
4.60515,5.61295,NULL
3.58069,4.90225,0
4.5199,3.91163,NULL
5.05754,4.85593,NULL
4.80938,3.36526,1
4.73015,3.62999,NULL
4.02524,3.96597,NULL
3.63552,3.34126,NULL
4.23013,4.34847,NULL
5.15591,3.32142,1
4.11375,4.01778,NULL
4.51598,3.3458,NULL
3.9459,3.57471,NULL
3.87159,3.94245,NULL
4.79939,4.02697,NULL
3.80696,4.28174,NULL
4.28955,4.14105,NULL
4.10897,3.96541,NULL
4.85853,3.53262,1
4.91806,4.05188,NULL
4.01931,3.65805,NULL
4.74591,4.0552,NULL
4.72877,3.26855,1
4.74148,3.18357,1
5.06837,3.22363,1
3.89844,4.44602,NULL
5.68688,4.12201,1
3.86766,3.77885,NULL
4.09111,4.53057,NULL
4.84977,3.16992,1
3.89836,4.46907,NULL
3.84237,3.83857,NULL
4.9111,3.91381,NULL
3.88793,4.09675,NULL
5.3966,4.16111,1
5.18333,3.7815,1
5.03858,3.40986,1
4.33793,3.88558,NULL
4.23584,4.15007,NULL
3.97275,3.41068,NULL
4.10318,3.82996,NULL
4.27245,3.66361,NULL
4.12399,4.33347,NULL
4.21644,3.34481,NULL
4.58282,3.44584,NULL
4.69259,3.37475,1
4.46012,3.91213,NULL
4.261,3.54461,NULL
4.08178,4.32467,NULL
6.21098,3.62845,1
5.94405,3.44768,1
4.26153,4.026,NULL
4.04916,3.85764,NULL
4.81697,2.90254,1
4.74801,3.59632,NULL
4.73065,3.04421,1
4.32576,3.83765,NULL
5.2573,4.04254,1
4.21785,4.07509,NULL
3.47841,4.30457,NULL
4.20433,3.3449,NULL
4.07968,3.08158,NULL
4.66484,3.2958,1
3.49919,4.67623,NULL
4.08164,4.14406,NULL
4.71999,5.20583,NULL
4.73923,3.42313,1
4.37767,3.64114,NULL
4.16521,4.12023,NULL
3.91221,4.08276,NULL
4.87139,2.96512,1
4.22534,3.60218,NULL
4.55304,3.65933,NULL
4.45466,4.09131,NULL
4.13221,3.97892,NULL
4.49305,3.33454,NULL
3.76545,3.61191,NULL
3.87234,3.69092,NULL
4.666,3.13418,1
4.01619,3.93036,NULL
4.00747,3.75329,NULL
4.45375,3.63717,NULL
3.92084,3.92356,NULL
4.65568,3.24632,1
4.42547,3.8679,NULL
3.95283,4.59008,NULL
4.61962,4.43679,NULL
3.64246,3.56109,NULL
4.67589,3.37757,1
4.07187,4.56102,NULL
3.82895,4.49654,NULL
4.68949,3.51026,NULL
6.29269,3.84718,1
4.4343,3.71231,NULL
4.49961,3.2238,1
4.1664,3.83683,NULL
4.35786,3.80571,NULL
4.00245,4.63041,NULL
4.19628,3.53081,NULL
4.07048,3.87784,NULL
4.56728,4.24757,NULL
4.23781,3.85009,NULL
4.40758,4.05293,NULL
4.3238,3.42911,NULL
4.05916,3.72913,NULL
4.31718,3.30605,NULL
3.42171,4.10179,NULL
4.06761,3.78695,NULL
4.22028,3.29275,NULL
4.41658,4.01355,NULL
4.0943,3.96964,NULL
4.27153,3.90093,NULL
4.53974,3.61299,NULL
4.33698,3.93137,NULL
4.91325,4.05834,NULL
4.41633,3.17391,1
4.90929,3.60775,1
4.19717,3.98016,NULL
3.85878,4.25907,NULL
4.31279,3.87914,NULL
4.74407,3.96023,NULL
4.70656,3.42384,1
4.8524,2.98513,1
4.06506,4.35227,NULL
3.90605,3.95328,NULL
4.32039,4.00099,NULL
3.86689,3.91665,NULL
3.93697,3.64722,NULL
4.12611,4.23304,NULL
3.73136,3.74689,NULL
3.97829,3.76782,NULL
5.02022,3.17584,1
4.96725,3.00805,1
4.82415,3.18218,1
4.92929,3.52298,1
4.50675,3.65887,NULL
3.75011,4.46177,NULL
4.50213,3.59482,NULL
3.94927,3.815,NULL
4.27684,4.09634,NULL
5.07454,3.39582,1
4.21946,3.87152,NULL
4.52801,3.52787,NULL
4.50732,3.64998,NULL
4.29731,3.76831,NULL
4.64157,3.38503,1
3.60405,3.3951,NULL
4.06899,3.67656,NULL
4.5098,3.32862,NULL
5.68571,4.50995,NULL
4.29179,4.1111,NULL
4.29447,4.63138,NULL
4.70247,3.46429,1
4.70824,3.21487,1
4.05334,3.74974,NULL
4.43975,4.19944,NULL
3.82833,3.89009,NULL
4.48572,3.55129,NULL
3.86645,3.51711,NULL
4.37518,4.34138,NULL
3.90374,4.47821,NULL
4.23726,3.82024,NULL
5.22026,3.63232,1
4.55598,4.62765,NULL
3.82802,4.01627,NULL
5.4783,3.4305,1
3.70721,3.63149,NULL
3.94849,3.90053,NULL
4.65776,4.45093,NULL
3.97136,4.14018,NULL
4.10461,3.97151,NULL
4.2194,3.41807,NULL
4.16437,3.58787,NULL
4.10741,4.64583,NULL
5.08597,3.13923,1
4.3831,3.64737,NULL
4.60457,3.1005,1
4.27195,3.73466,NULL
4.69574,3.10276,1
4.72878,3.28463,1
3.90766,4.37168,NULL
4.96903,4.44574,NULL
4.51377,3.81127,NULL
4.19525,3.55898,NULL
4.69877,3.31794,1
3.82727,4.86504,NULL
4.76023,3.38315,1
4.21787,3.17338,NULL
4.76105,3.42063,1
4.72248,3.22259,1
4.15914,3.54305,NULL
4.36706,4.3367,NULL
4.43502,3.612,NULL
4.41904,4.21582,NULL
3.75252,4.29169,NULL
4.42539,3.83809,NULL
4.28252,4.14523,NULL
4.28532,3.16111,NULL
4.75457,3.07232,1
4.33426,4.36913,NULL
3.75088,3.68111,NULL
4.35097,3.69598,NULL
4.54499,3.08928,1
3.89667,3.78362,NULL
4.41865,3.62706,NULL
4.66161,3.50624,NULL
3.93044,4.2058,NULL
4.29226,3.36813,NULL
4.93977,2.97678,1
3.62025,3.56252,NULL
5.0487,2.92763,1
3.86351,3.47767,NULL
4.98611,3.47821,1
4.89633,4.89525,NULL
5.09013,3.33362,1
4.48627,3.52832,NULL
3.99187,3.97015,NULL
4.15132,3.57288,NULL
3.87206,4.2978,NULL
4.03644,3.73229,NULL
3.81627,3.80071,NULL
3.94174,3.67969,NULL
4.31979,3.27906,NULL
3.96257,3.95646,NULL
2.91032,4.6681,0
4.36424,4.19567,NULL
4.8632,3.06673,1
3.70023,3.62524,NULL
4.29966,3.76281,NULL
4.28282,3.98313,NULL
4.0559,3.93335,NULL
3.78905,4.39054,NULL
4.46267,3.48157,NULL
4.59571,3.07847,1
3.96763,3.93564,NULL
4.10531,3.67142,NULL
4.5209,3.11302,1
4.62804,3.10708,1
4.39689,4.11475,NULL
3.83362,4.36706,NULL
3.74684,4.21264,NULL
3.77116,3.5329,NULL
4.95308,3.36204,1
4.19679,3.32699,NULL
5.37517,4.17242,1
4.5938,3.93691,NULL
4.06919,3.66291,NULL
4.36068,3.8546,NULL
4.15962,4.46049,NULL
3.89029,3.89494,NULL
3.91965,3.91694,NULL
4.54409,4.2156,NULL
4.1153,3.72094,NULL
4.15559,3.94352,NULL
4.73843,3.05237,1
4.643,3.5567,NULL
5.32949,4.09886,1
4.35675,4.39147,NULL
3.92379,4.01045,NULL
3.95118,4.06767,NULL
3.93831,3.84606,NULL
4.66983,3.12389,1
4.12691,5.07259,NULL
4.65202,2.94503,1
4.53608,3.46819,NULL
4.27725,3.6582,NULL
3.79843,3.97969,NULL
4.23858,4.42754,NULL
5.04227,2.6994,1
3.37257,4.15087,NULL
4.77294,2.83319,1
4.60834,3.36592,1
3.88436,3.78252,NULL
4.37261,4.0579,NULL
5.05912,3.22005,1
5.14876,3.91855,1
3.94764,3.62933,NULL
3.89463,4.3412,NULL
4.8418,5.03562,NULL
4.35082,4.59704,NULL
4.26517,3.64446,NULL
3.7685,4.45978,NULL
4.43947,3.20433,1
3.65862,4.26503,NULL
4.8795,3.22198,1
4.55302,3.06848,1
4.2772,3.89334,NULL
4.49896,4.36242,NULL
3.91639,4.17086,NULL
4.36031,3.94776,NULL
4.57682,3.64055,NULL
4.03562,4.37561,NULL
4.42399,3.18464,1
4.24629,3.53111,NULL
3.61764,3.69288,NULL
4.77162,3.30055,1
4.14357,3.84913,NULL
4.60446,3.74729,NULL
3.69754,3.5916,NULL
4.37048,3.24104,NULL
4.10047,3.53273,NULL
3.76884,3.64736,NULL
4.50378,4.03253,NULL
4.69685,3.05542,1
4.71228,3.30821,1
4.28967,3.29424,NULL
4.63968,3.15453,1
4.50415,3.4003,NULL
4.21568,3.59358,NULL
4.50851,5.43916,NULL
4.5661,3.09626,1
3.98127,3.94213,NULL
4.61508,3.25102,1
4.83921,3.07571,1
4.59281,3.34486,1
4.48221,3.58822,NULL
4.05319,4.19467,NULL
4.19413,3.48843,NULL
4.32547,4.28732,NULL
4.24146,3.95131,NULL
4.44232,4.2328,NULL
4.52026,3.38926,NULL
3.81064,4.20869,NULL
4.37095,4.22254,NULL
4.31182,3.48585,NULL
4.69119,3.10671,1
5.08634,3.32158,1
4.71011,3.6043,NULL
4.23543,3.6834,NULL
4.3842,2.8541,1
3.96209,4.00279,NULL
3.96587,3.70023,NULL
4.4423,3.4771,NULL
4.0459,4.00535,NULL
5.71758,3.68071,1
3.68804,4.12306,NULL
3.9907,3.76517,NULL
4.83071,4.00571,NULL
4.60011,4.38777,NULL
4.88894,3.2124,1
5.1518,4.18604,NULL
3.6964,3.80265,NULL
4.35374,4.08757,NULL
4.23315,3.73021,NULL
3.46796,3.94137,NULL
3.97304,4.06441,NULL
4.14929,4.38224,NULL
4.34352,4.5019,NULL
3.6229,4.51865,NULL
4.67027,3.38714,1
4.35592,4.09085,NULL
4.37201,3.84562,NULL
4.38321,4.09861,NULL
4.02513,3.77363,NULL
4.14451,3.69437,NULL
4.43107,3.60435,NULL
4.38545,3.07313,1
4.60347,3.17471,1
5.49021,3.43631,1
3.74397,4.49143,NULL
4.0262,4.65616,NULL
4.84575,3.38958,1
4.48604,3.15339,1
4.02814,3.59132,NULL
3.84729,3.88817,NULL
4.01583,3.65093,NULL
4.62257,3.29086,1
3.32393,3.79529,NULL
4.0959,3.71394,NULL
3.58493,3.96941,NULL
3.80349,4.27315,NULL
4.28513,3.75747,NULL
4.64691,4.26757,NULL
4.29351,3.61124,NULL
4.80661,3.88531,NULL
4.62829,3.17623,1
4.82479,3.7031,NULL
3.70678,4.1549,NULL
5.72245,4.01263,1
3.84066,3.75278,NULL
5.0194,3.74879,1
4.31882,3.44231,NULL
4.57686,3.14198,1
4.37945,3.47239,NULL
4.58957,3.77781,NULL
4.72176,4.06788,NULL
4.34836,3.45197,NULL
4.61135,2.98039,1
4.26304,3.40763,NULL
3.72523,3.52995,NULL
4.33464,4.13793,NULL
4.38563,3.71822,NULL
4.38168,3.30193,NULL
4.3308,3.5967,NULL
3.5876,3.81222,NULL
3.99205,3.71475,NULL
4.33065,4.60906,NULL
3.51578,3.86689,NULL
3.9531,3.181,NULL
3.56068,3.74996,NULL
4.30465,3.97737,NULL
4.55749,3.5582,NULL
4.12124,3.63195,NULL
3.46526,3.89871,NULL
4.33948,3.67223,NULL
3.56767,3.89685,NULL
3.92989,3.79386,NULL
4.54179,3.51997,NULL
4.43196,3.15392,1
5.61175,4.201,1
4.1646,3.46684,NULL
3.75456,4.26345,NULL
5.37607,5.12587,NULL
3.8974,4.05833,NULL
3.68642,3.65101,NULL
4.00766,4.58458,NULL
3.96124,3.64274,NULL
4.3412,3.53346,NULL
4.4432,3.43114,NULL
4.50058,2.91672,1
3.93669,4.91164,NULL
4.33797,3.6632,NULL
4.38414,2.86582,1
4.06178,3.75652,NULL
4.42808,3.37146,NULL
3.26903,4.48477,0
4.36565,3.44881,NULL
3.69656,3.49946,NULL
4.62566,3.26361,1
4.32651,3.5924,NULL
5.08743,2.39411,1
3.90732,4.68135,NULL
4.01402,3.52002,NULL
3.75276,4.03181,NULL
3.70984,3.62857,NULL
3.74421,4.72775,NULL
4.30298,3.77534,NULL
4.32579,3.85888,NULL
4.4566,3.50617,NULL
5.58453,5.11654,NULL
4.77573,3.28572,1
4.78911,3.28966,1
3.76029,4.00001,NULL
4.17105,3.94529,NULL
4.0588,3.64674,NULL
4.22219,3.92166,NULL
3.93144,4.0232,NULL
4.56945,3.91726,NULL
4.05302,3.71393,NULL
4.12041,3.76761,NULL
3.77595,4.45572,NULL
4.51889,2.73308,1
4.66114,3.19821,1
4.28117,3.34186,NULL
4.40139,3.69298,NULL
4.18456,3.5536,NULL
4.42618,3.53462,NULL
3.79934,4.17447,NULL
3.81887,4.28858,NULL
4.27429,3.53685,NULL
4.39706,3.90322,NULL
4.58481,4.81767,NULL
3.77265,3.58635,NULL
4.44956,3.21437,1
3.82598,4.40304,NULL
3.88532,3.85239,NULL
4.28595,3.54082,NULL
4.45606,3.33436,NULL
3.51825,4.04478,NULL
3.64709,3.81691,NULL
3.6048,3.53046,NULL
4.25681,3.50769,NULL
4.8134,3.26397,1
4.47294,4.27011,NULL
4.82802,3.0234,1
4.20371,3.93837,NULL
3.7178,3.60318,NULL
4.74044,3.21781,1
3.33627,4.36733,NULL
4.2212,3.6857,NULL
4.20439,3.8286,NULL
3.804,3.49161,NULL
4.41119,3.53577,NULL
4.65226,3.02658,1
3.85751,4.52592,NULL
4.44187,4.40895,NULL
5.01242,3.23635,1
4.10573,3.40296,NULL
5.84288,4.45058,1
4.1924,3.73952,NULL
4.30083,3.34811,NULL
4.17174,3.77801,NULL
3.84159,3.77065,NULL
4.58497,3.54905,NULL
4.39799,3.67094,NULL
4.33577,3.38452,NULL
4.62404,3.02969,1
4.10994,3.79911,NULL
4.94991,3.33594,1
4.19098,4.15241,NULL
4.25631,3.44112,NULL
5.19034,3.45554,1
5.08036,4.34134,NULL
4.17726,3.30997,NULL
4.43754,3.56642,NULL
3.15839,4.68912,0
3.91314,3.80191,NULL
3.8098,3.97592,NULL
4.5918,3.77506,NULL
4.11564,4.78578,NULL
4.53891,2.93321,1
4.85859,4.11017,NULL
4.50257,4.31365,NULL
3.97629,3.98489,NULL
4.40122,3.4183,NULL
4.28263,3.75861,NULL
4.67647,3.93418,NULL
4.66179,3.4366,1
3.69875,3.65694,NULL
4.18337,3.26558,NULL
4.36968,3.44523,NULL
4.40203,3.66359,NULL
4.70647,2.69051,1
4.51995,4.61175,NULL
4.44747,3.51548,NULL
3.56571,3.60972,NULL
4.13798,3.35861,NULL
3.865,3.9287,NULL
4.57504,3.66808,NULL
4.01279,4.25527,NULL
4.32088,3.70843,NULL
4.29817,3.85611,NULL
4.97371,3.6462,1
3.86697,4.15386,NULL
4.29988,3.92878,NULL
3.59191,4.78278,NULL
4.68973,3.48414,1
4.56203,3.22061,1
3.74928,4.25124,NULL
3.95099,3.6789,NULL
4.47543,2.92755,1
4.47015,3.45815,NULL
4.21975,3.94353,NULL
3.76256,3.61611,NULL
4.00412,3.25728,NULL
3.89211,3.79758,NULL
3.81841,4.46619,NULL
4.57715,3.21301,1
4.56053,3.17439,1
4.1085,3.61546,NULL
4.4006,3.57979,NULL
4.47789,3.59032,NULL
4.26304,4.28637,NULL
4.41997,3.558,NULL
3.94679,4.33906,NULL
4.67774,3.71033,NULL
4.16753,3.18864,NULL
4.35991,3.97844,NULL
4.76012,3.02878,1
4.07835,3.5061,NULL
4.7461,4.61585,NULL
3.9665,3.62159,NULL
4.25751,4.57691,NULL
3.86987,3.76876,NULL
4.34909,4.00341,NULL
4.46553,3.21657,1
5.12887,4.16516,NULL
4.44059,4.0858,NULL
4.37503,3.4269,NULL
4.12359,3.61325,NULL
3.70434,4.39558,NULL
4.62551,2.93946,1
3.83308,4.1962,NULL
4.0906,3.85252,NULL
3.78136,3.3137,NULL
4.48204,3.41084,NULL
4.1778,3.64596,NULL
4.41927,3.38559,NULL
4.06305,4.36474,NULL
4.34775,3.37724,NULL
4.55798,3.17012,1
3.86089,3.48628,NULL
4.21233,4.64096,NULL
4.41673,3.42548,NULL
4.04436,3.58209,NULL
4.30619,3.88165,NULL
3.87754,3.67585,NULL
5.05871,3.12085,1
3.83599,4.07184,NULL
3.99522,3.69685,NULL
4.39631,3.91525,NULL
3.78375,4.3624,NULL
4.6427,3.17165,1
4.14027,3.62391,NULL
4.15408,3.73361,NULL
4.6509,3.19348,1
4.1092,3.19168,NULL
5.05054,3.44817,1
4.40059,3.40627,NULL
4.71103,4.52047,NULL
3.60798,3.60333,NULL
3.64781,3.54796,NULL
4.55312,3.16135,1
3.77881,4.25979,NULL
4.47328,4.2048,NULL
3.9859,3.79266,NULL
4.2664,4.07926,NULL
4.64489,2.92158,1
4.4584,3.77614,NULL
4.53022,3.53989,NULL
5.14445,3.81516,1
4.01792,3.75059,NULL
4.75418,3.84879,NULL
3.28388,4.31445,NULL
4.06779,3.66848,NULL
2.51294,2.58677,NULL
4.24494,4.27157,NULL
3.69931,3.3197,NULL
4.67407,4.05175,NULL
4.57187,4.10807,NULL
4.51956,3.05166,1
3.24865,4.07381,NULL
4.36078,3.38992,NULL
4.68679,2.89132,1
4.09714,3.59188,NULL
3.81658,3.91908,NULL
4.51214,3.23377,1
3.6342,4.30393,NULL
3.94259,4.13061,NULL
4.44126,4.2267,NULL
4.23265,3.04798,NULL
4.79771,4.4036,NULL
4.73068,3.82318,NULL
4.51544,3.37452,NULL
3.95789,3.80097,NULL
4.79375,4.63301,NULL
3.59865,4.20489,NULL
4.66817,3.17133,1
4.46602,3.15639,1
3.82582,3.91828,NULL
4.07969,3.77688,NULL
4.74468,2.7909,1
4.78694,4.38516,NULL
4.43801,3.32496,NULL
4.24726,4.74253,NULL
4.60682,2.88504,1
4.81028,4.63987,NULL
6.75168,3.8287,1
3.77618,3.52773,NULL
4.68578,3.20173,1
3.87386,3.86802,NULL
4.4054,3.80127,NULL
4.54346,3.68954,NULL
5.04302,2.68841,1
3.85181,4.04689,NULL
3.84767,3.52594,NULL
4.87558,4.69389,NULL
4.49189,3.37186,NULL
4.17006,4.42441,NULL
4.43036,3.616,NULL
4.58992,3.26448,1
3.87855,4.2678,NULL
3.87962,3.47031,NULL
3.71975,3.93711,NULL
5.40203,3.50335,1
4.4187,3.83564,NULL
4.04788,4.19161,NULL
3.67898,3.45294,NULL
4.59527,3.34423,1
4.04138,3.92778,NULL
4.53607,3.18811,1
6.04287,4.09431,1
3.98133,3.79213,NULL
3.94014,4.18088,NULL
4.21788,3.80606,NULL
4.14119,4.40054,NULL
4.11582,3.85393,NULL
4.60672,3.2769,1
4.14579,3.68846,NULL
5.19014,3.41048,1
3.9898,3.60611,NULL
4.08885,4.17251,NULL
4.19736,3.87699,NULL
3.79695,4.3671,NULL
3.50227,4.14805,NULL
4.19929,3.45398,NULL
4.06423,3.54259,NULL
3.62179,3.94965,NULL
4.61691,4.45358,NULL
3.58109,3.54024,NULL
4.51991,3.47626,NULL
4.1528,3.18575,NULL
4.00176,3.82986,NULL
4.08873,3.75557,NULL
4.51595,3.56287,NULL
4.69713,2.91711,1
5.67219,4.10342,1
3.78926,3.7268,NULL
4.29043,3.1692,NULL
4.02016,3.83896,NULL
4.57559,2.44712,1
4.47545,4.52942,NULL
3.55325,4.2436,NULL
4.93256,2.94426,1
3.85294,3.86145,NULL
4.17751,4.35219,NULL
4.65026,5.36092,NULL
3.70671,3.50296,NULL
4.21631,3.69361,NULL
4.61965,2.99128,1
4.00738,3.89245,NULL
4.16857,4.13905,NULL
6.81621,3.68082,1
4.92022,4.32197,NULL
4.74092,4.23928,NULL
4.68418,3.61971,NULL
4.55857,3.72372,NULL
3.8763,3.66052,NULL
4.72379,4.69332,NULL
3.65332,4.51214,NULL
4.85365,3.73033,NULL
4.44329,3.37406,NULL
4.57492,3.76872,NULL
4.31221,3.16051,NULL
4.7644,4.41,NULL
3.81799,4.03121,NULL
3.64039,3.55807,NULL
3.71722,4.31882,NULL
4.52239,3.84978,NULL
3.97214,3.55198,NULL
3.49134,4.4765,NULL
3.74696,3.26395,NULL
4.14209,3.7543,NULL
5.35724,3.73744,1
3.73186,3.94118,NULL
3.99411,3.15643,NULL
4.26399,4.57076,NULL
3.79683,3.87909,NULL
4.25496,3.78517,NULL
3.97823,3.85396,NULL
4.31126,3.90197,NULL
4.13864,3.95581,NULL
4.99959,2.77426,1
4.04355,4.13806,NULL
3.47957,3.92474,NULL
4.34451,3.16668,NULL
4.68953,3.80976,NULL
4.54251,3.08153,1
4.35954,3.85987,NULL
4.45181,3.58811,NULL
4.21586,3.71936,NULL
3.90152,3.54251,NULL
4.4347,3.42824,NULL
3.8831,4.47834,NULL
4.72062,3.97226,NULL
5.5954,3.94858,1
4.39835,3.25507,NULL
4.50564,3.91125,NULL
4.25309,4.3199,NULL
4.4452,3.26846,NULL
4.09324,3.66355,NULL
4.73627,2.97945,1
4.56014,3.65481,NULL
4.46657,3.75373,NULL
3.98687,3.80937,NULL
3.98012,3.40981,NULL
4.53213,3.06064,1
4.51722,3.07596,1
4.31845,3.84484,NULL
3.60845,3.43503,NULL
3.5058,3.941,NULL
4.0986,4.00089,NULL
4.40049,3.06488,1
3.6411,3.55989,NULL
4.14976,3.38576,NULL
3.8334,4.20152,NULL
4.56103,3.14443,1
3.92756,4.31216,NULL
3.62888,3.56094,NULL
4.34129,3.86999,NULL
4.17934,3.95919,NULL
3.66129,4.46365,NULL
4.09717,3.13398,NULL
4.13235,3.4364,NULL
4.34587,3.72045,NULL
3.94494,3.72122,NULL
4.77836,4.76278,NULL
4.83719,5.21641,NULL
4.13048,3.55366,NULL
4.44045,2.81068,1
4.51452,3.45422,NULL
5.23216,3.25471,1
3.89668,4.0245,NULL
4.6466,3.56072,NULL
4.43828,3.35164,NULL
4.09815,4.3931,NULL
4.46571,4.06178,NULL
3.8811,3.76394,NULL
3.60078,3.80655,NULL
4.84594,3.84223,NULL
4.3585,3.75285,NULL
3.27172,5.07779,0
5.46225,3.51584,1
5.13941,3.93836,1
4.54577,2.98594,1
4.50154,3.66842,NULL
4.19696,3.21553,NULL
3.8101,3.61552,NULL
3.55031,3.87492,NULL
4.97673,3.06867,1
4.6483,3.02529,1
4.04924,3.74164,NULL
4.52601,3.69439,NULL
5.13631,2.81497,1
4.02601,3.52207,NULL
4.43153,3.79906,NULL
3.65723,3.73331,NULL
4.42666,4.06204,NULL
3.70681,4.19425,NULL
4.03327,4.12278,NULL
4.29973,4.12054,NULL
4.13799,3.47687,NULL
4.20143,3.78614,NULL
5.07823,3.67339,1
3.80124,3.61258,NULL
4.84261,3.33498,1
3.62006,4.1454,NULL
4.55593,4.30114,NULL
4.54735,3.06112,1
3.70465,3.42058,NULL
5.04042,3.96349,NULL
4.17353,3.55138,NULL
4.6507,3.08718,1
4.29315,3.42461,NULL
4.50501,3.38588,NULL
3.87801,4.13103,NULL
4.62097,3.25088,1
3.98536,4.43073,NULL
4.70881,2.83291,1
4.2288,3.41772,NULL
4.19992,4.94376,NULL
4.02434,3.68656,NULL
3.6563,3.74876,NULL
4.51151,3.12636,1
3.99417,3.81386,NULL
4.64457,2.78754,1
4.62237,4.51451,NULL
4.04576,3.70201,NULL
5.01262,4.60586,NULL
4.35419,3.20052,NULL
4.00639,3.85487,NULL
3.6193,3.56254,NULL
4.17115,4.08588,NULL
3.99342,3.8899,NULL
3.67016,3.84467,NULL
4.78843,3.08183,1
4.8655,3.5896,1
4.31324,3.40233,NULL
3.74471,3.54679,NULL
3.853,4.54127,NULL
4.52008,4.52376,NULL
3.82778,3.74645,NULL
4.27994,3.7361,NULL
4.38972,2.68679,1
4.03754,3.76582,NULL
4.81116,3.6619,NULL
4.05066,3.42712,NULL
4.42807,3.27003,NULL
4.40332,3.33888,NULL
4.75089,3.51559,1
3.40605,3.74149,NULL
4.32448,3.66072,NULL
4.00844,3.39244,NULL
4.30408,4.04596,NULL
4.60175,3.2035,1
3.78261,3.55649,NULL
4.09027,3.42981,NULL
4.77719,3.10988,1
4.35563,3.54614,NULL
3.8494,3.90838,NULL
4.05879,4.38765,NULL
3.8936,4.41519,NULL
4.43631,3.09673,1
3.82212,3.5342,NULL
4.45692,3.35171,NULL
4.14502,4.05955,NULL
4.17758,4.00069,NULL
4.19525,3.62673,NULL
4.32644,3.40505,NULL
4.63378,4.64887,NULL
4.95521,4.27879,NULL
4.5379,3.32184,1
3.6771,3.66269,NULL
4.35419,3.82246,NULL
3.9573,4.26881,NULL
4.79843,3.4051,1
4.14738,4.00709,NULL
4.51297,4.053,NULL
5.04535,3.05321,1
4.17821,4.17789,NULL
3.99736,3.37724,NULL
4.38244,3.35603,NULL
4.14345,3.91081,NULL
5.9734,3.62179,1
3.89784,3.65531,NULL
4.34931,3.53429,NULL
4.21222,3.28801,NULL
4.90232,3.5414,1
4.17021,4.20983,NULL
3.62443,3.55819,NULL
4.50854,3.3705,NULL
4.65926,2.9384,1
4.6741,2.99368,1
4.36229,3.48488,NULL
3.92311,3.72382,NULL
4.31444,3.45517,NULL
4.53885,3.72729,NULL
3.75398,3.67726,NULL
4.0247,3.83766,NULL
3.75831,3.40609,NULL
4.48389,3.4918,NULL
4.5084,3.43007,NULL
4.37137,3.3418,NULL
4.90587,3.12043,1
5.29676,3.78675,1
4.25133,3.7985,NULL
4.43827,4.11598,NULL
4.24848,3.89459,NULL
4.01766,4.21877,NULL
4.3365,4.43457,NULL
3.67118,3.70803,NULL
4.86479,3.41917,1
3.77643,4.6237,NULL
4.67143,2.9766,1
3.72049,3.99172,NULL
3.84345,4.14839,NULL
3.88215,4.71642,NULL
4.34636,3.44549,NULL
3.62135,3.90785,NULL
3.90142,4.1365,NULL
4.21805,4.21769,NULL
3.68066,3.98787,NULL
3.75589,3.48018,NULL
4.4208,3.41365,NULL
4.62756,3.58169,NULL
4.72035,2.94177,1
3.92554,4.00685,NULL
3.93325,3.8208,NULL
3.86843,4.5195,NULL
4.41804,3.67837,NULL
4.04873,3.54979,NULL
4.59196,2.91055,1
3.79074,3.78094,NULL
3.79033,3.86269,NULL
3.572,3.80947,NULL
4.46035,2.87157,1
4.21574,3.00358,1
5.16207,3.67114,1
4.51946,3.07538,1
4.01449,3.58664,NULL
3.95937,3.73123,NULL
5.48233,3.62713,1
3.87597,4.22498,NULL
3.82692,4.49691,NULL
5.07377,3.47056,1
4.63,4.20972,NULL
3.61675,4.00574,NULL
5.21482,3.31283,1
4.03997,3.64197,NULL
4.51022,3.16637,1
4.08691,3.48001,NULL
3.59683,4.28409,NULL
4.63013,5.65011,NULL
4.76356,2.87404,1
4.69739,5.1173,NULL
3.69204,4.45363,NULL
4.19332,3.56506,NULL
4.96106,3.18183,1
4.77149,3.28593,1
4.48122,2.96115,1
4.55065,2.99784,1
4.22998,3.83712,NULL
3.9945,3.4403,NULL
4.37424,4.02054,NULL
4.35921,3.42162,NULL
4.41968,3.06735,1
3.98507,4.11425,NULL
4.24468,3.99513,NULL
3.98195,3.72612,NULL
4.8002,4.08236,NULL
4.16043,4.1701,NULL
4.80179,3.23946,1
4.52431,3.38229,NULL
4.2478,3.51843,NULL
4.91486,4.43207,NULL
4.12757,3.72582,NULL
3.98405,3.43767,NULL
5.48093,4.49527,NULL
4.13212,3.75129,NULL
4.32219,3.46854,NULL
3.90678,3.79712,NULL
4.40572,4.05782,NULL
4.52492,3.62473,NULL
4.10001,3.80894,NULL
4.40197,3.22601,NULL
4.34206,3.55493,NULL
4.44707,3.70718,NULL
3.6905,3.41297,NULL
4.53746,3.58465,NULL
4.7234,2.91509,1
4.38258,4.09084,NULL
3.5589,3.96458,NULL
4.43222,3.96117,NULL
4.08739,3.37785,NULL
3.96205,3.55872,NULL
3.81167,3.80953,NULL
3.72572,3.49551,NULL
4.50982,3.22635,1
4.78428,3.01601,1
3.83572,3.67586,NULL
4.14631,3.98891,NULL
3.57725,3.75012,NULL
4.23164,3.50561,NULL
4.38427,3.59665,NULL
3.52178,4.66583,NULL
4.23933,3.95473,NULL
4.07876,3.34867,NULL
4.34846,4.0528,NULL
4.01316,3.86444,NULL
4.83482,4.33983,NULL
3.96038,3.44102,NULL
4.4431,3.07722,1
3.94911,4.47667,NULL
4.07604,3.71321,NULL
4.04283,3.30471,NULL
4.23539,3.66085,NULL
4.52012,3.34232,NULL
4.7099,2.80158,1
3.98963,3.65263,NULL
3.85783,4.06755,NULL
4.11527,3.56876,NULL
4.18921,3.59391,NULL
3.87205,4.1068,NULL
4.51657,4.12916,NULL
4.66379,3.25847,1
3.87333,3.7006,NULL
4.33778,3.45741,NULL
3.71144,3.16799,NULL
4.08933,3.33425,NULL
4.44035,2.80004,1
3.94746,4.01468,NULL
4.12673,3.95886,NULL
4.57811,3.44522,NULL
3.88581,3.85664,NULL
4.43695,3.65008,NULL
4.14513,3.82485,NULL
6.58889,3.94684,1
3.67867,4.07964,NULL
3.98856,3.56333,NULL
3.7927,3.68957,NULL
4.70005,3.88529,NULL
4.00354,4.39581,NULL
3.89409,3.884,NULL
4.62198,3.36877,1
4.80657,4.12862,NULL
4.33165,3.17099,NULL
3.93212,4.46033,NULL
4.98788,3.11574,1
4.72219,3.88406,NULL
3.7362,3.80793,NULL
4.44086,3.54071,NULL
4.99811,3.42609,1
4.35979,3.22777,NULL
3.91747,3.65594,NULL
4.75409,3.5531,1
4.03948,4.14966,NULL
3.93704,3.38539,NULL
4.41606,3.3628,NULL
3.84288,3.61308,NULL
4.66713,3.78287,NULL
5.05271,2.76915,1
4.48588,2.96274,1
4.32835,4.04015,NULL
3.84109,3.39453,NULL
4.45607,3.53872,NULL
4.66989,3.21271,1
4.18682,3.57741,NULL
4.42729,3.22093,1
4.3064,3.7079,NULL
4.40293,4.63572,NULL
4.33116,3.79985,NULL
4.83069,3.5545,1
4.20187,3.47091,NULL
4.43515,3.50487,NULL
4.35712,4.84401,NULL
5.15632,3.06981,1
3.93874,4.08222,NULL
4.46657,3.27453,NULL
4.16123,4.08696,NULL
3.82417,3.95378,NULL
4.57603,3.0735,1
4.16616,3.38564,NULL
3.90402,3.36785,NULL
4.24887,3.40387,NULL
4.11705,3.17654,NULL
4.52052,3.98537,NULL
4.48697,2.95015,1
4.62541,3.58931,NULL
4.45132,3.03976,1
3.94747,3.85479,NULL
4.03665,4.40226,NULL
4.73331,3.06416,1
4.44114,3.31253,NULL
4.59036,3.08755,1
4.68968,3.36222,1
4.55149,3.1702,1
3.78291,3.60952,NULL
5.6217,4.15296,1
3.54039,3.48854,NULL
3.76798,4.09844,NULL
4.16483,3.32997,NULL
4.07752,3.71297,NULL
5.00017,3.43267,1
3.61005,3.53654,NULL
4.08891,3.6141,NULL
4.05622,3.96954,NULL
4.71198,3.37687,1
4.09912,3.80002,NULL
3.64634,3.45667,NULL
3.43827,4.11358,NULL
3.81121,3.89025,NULL
3.87651,3.92418,NULL
4.29455,3.72384,NULL
4.97812,4.1939,NULL
3.72853,5.34076,0
4.07448,3.60271,NULL
4.93636,3.10101,1
3.57351,3.49415,NULL
4.66295,3.20503,1
4.10287,3.22481,NULL
4.13608,3.74978,NULL
4.2803,3.5935,NULL
3.87006,4.1631,NULL
4.09209,3.26942,NULL
4.6155,3.03464,1
3.64753,4.40206,NULL
3.46958,4.39382,NULL
4.04613,3.8157,NULL
4.33572,3.48212,NULL
3.52713,3.93168,NULL
3.93075,4.15842,NULL
4.41146,3.16853,1
3.90006,3.5329,NULL
4.09876,3.41893,NULL
3.98305,3.88774,NULL
4.44996,3.83874,NULL
4.4042,3.37126,NULL
4.37152,3.3784,NULL
4.38095,4.02887,NULL
5.23402,4.99917,NULL
3.69673,3.47427,NULL
3.27708,4.41782,NULL
3.93422,3.7712,NULL
4.53577,2.84176,1
4.09883,4.01294,NULL
4.28116,3.73679,NULL
4.29779,4.46343,NULL
3.58021,3.54611,NULL
4.28116,4.34644,NULL
4.10583,3.62583,NULL
3.96829,4.12788,NULL
3.58619,3.65619,NULL
4.29701,3.39476,NULL
4.10746,3.43032,NULL
3.97545,3.47551,NULL
3.80375,4.27711,NULL
4.25883,4.28021,NULL
4.17881,4.04905,NULL
3.77585,4.20648,NULL
4.36507,3.79137,NULL
3.83155,3.61136,NULL
3.65419,4.19498,NULL
3.77716,4.08402,NULL
4.27569,3.57717,NULL
3.98176,3.63514,NULL
3.89638,4.35262,NULL
4.44524,3.71087,NULL
3.50238,4.14865,NULL
4.04557,3.66303,NULL
3.58725,3.62036,NULL
5.4194,3.52346,1
5.23335,3.51236,1
4.27201,3.03361,1
4.76153,3.16064,1
4.7408,2.5614,1
3.90385,4.68731,NULL
3.89504,3.61887,NULL
4.30573,3.44344,NULL
3.77633,3.99287,NULL
3.86884,4.24908,NULL
4.26363,3.47549,NULL
4.40285,2.91157,1
5.15122,4.222,NULL
4.51363,3.4636,NULL
4.96574,4.43295,NULL
4.42059,3.26432,NULL
4.66964,3.84377,NULL
4.60171,4.50249,NULL
5.32138,2.89584,1
4.13929,3.80535,NULL
3.98636,3.94228,NULL
4.384,3.8681,NULL
3.77447,4.12798,NULL
4.11928,3.85044,NULL
4.09702,4.16413,NULL
3.96535,4.40777,NULL
3.721,3.15438,NULL
4.07863,3.74242,NULL
4.00658,3.9134,NULL
4.07639,3.63969,NULL
3.98348,3.72569,NULL
4.33779,3.45011,NULL
4.00387,3.4763,NULL
4.99733,4.87781,NULL
4.19475,3.45618,NULL
4.30383,2.67594,1
4.09614,4.10832,NULL
4.31587,3.36883,NULL
3.98937,3.29201,NULL
4.39169,4.45464,NULL
4.31666,3.50367,NULL
4.39745,3.74445,NULL
4.25563,3.50129,NULL
4.55841,3.65805,NULL
4.51994,2.86701,1
4.31724,3.49012,NULL
3.99131,3.65139,NULL
4.5308,3.20113,1
3.81377,3.22282,NULL
4.45709,3.58543,NULL
4.11892,3.94404,NULL
4.26173,3.39847,NULL
4.10903,3.52786,NULL
4.62409,3.71077,NULL
4.15626,3.8175,NULL
4.03703,3.72499,NULL
4.22659,3.80463,NULL
4.60842,3.32928,1
4.11015,3.50429,NULL
4.7322,5.44601,NULL
4.52936,3.7135,NULL
4.31759,3.34272,NULL
4.45562,3.30362,NULL
5.81941,3.64021,1
4.37108,3.41724,NULL
4.56187,2.93382,1
4.22848,3.66261,NULL
4.58217,3.17872,1
3.59009,3.52032,NULL
5.09412,3.27871,1
4.03424,3.69732,NULL
4.19341,3.9307,NULL
4.3787,4.54977,NULL
3.49356,4.31009,NULL
4.20038,3.68896,NULL
3.85599,3.99701,NULL
4.60162,2.90178,1
4.59919,3.04032,1
3.80481,4.03052,NULL
5.0787,4.00969,NULL
3.84437,3.90162,NULL
4.22866,3.36297,NULL
4.17296,3.69263,NULL
4.63713,3.6696,NULL
4.10481,3.20819,NULL
3.84943,3.52636,NULL
4.29161,2.95471,1
4.26179,3.68623,NULL
4.7468,3.22435,1
4.14062,3.45632,NULL
5.12061,3.39846,1
4.42046,2.9896,1
4.50466,3.76248,NULL
3.90828,4.03396,NULL
4.24034,3.51647,NULL
4.07989,4.59971,NULL
4.45455,3.10357,1
4.07678,4.09777,NULL
4.53763,3.41089,NULL
5.28009,3.50539,1
4.44304,3.23207,1
4.35793,3.5706,NULL
3.73442,3.46675,NULL
4.13802,4.27211,NULL
4.10856,3.30181,NULL
3.93077,4.0701,NULL
4.21452,3.72317,NULL
4.47843,4.14289,NULL
3.82938,3.99649,NULL
4.47933,3.2959,NULL
3.68628,3.64026,NULL
3.84257,3.8203,NULL
4.4846,3.86681,NULL
4.15395,4.00384,NULL
4.68272,3.37669,1
4.52396,3.69622,NULL
3.69333,4.3502,NULL
4.03358,3.81789,NULL
4.23144,3.50102,NULL
3.07441,4.62406,0
4.50226,4.07503,NULL
4.35175,3.57311,NULL
3.89097,3.70572,NULL
4.2323,3.60211,NULL
4.37739,3.38687,NULL
6.03327,3.7598,1
4.52755,3.15786,1
4.50253,3.26698,1
3.93112,3.82561,NULL
3.86186,4.00608,NULL
3.75733,3.8548,NULL
4.37304,2.94078,1
3.91439,4.49711,NULL
3.9358,3.46992,NULL
4.62204,2.93936,1
4.13899,3.60384,NULL
4.09194,3.43052,NULL
3.97819,3.59011,NULL
3.91569,3.44142,NULL
4.17816,3.52351,NULL
4.127,3.32841,NULL
4.51976,3.31707,1
3.39664,4.11821,NULL
4.30915,2.91577,1
3.76003,3.80918,NULL
4.89597,3.69746,NULL
3.87244,3.53431,NULL
4.50605,2.721,1
4.60575,3.0641,1
4.47614,3.61408,NULL
3.83794,3.49613,NULL
4.18885,3.70437,NULL
4.54005,3.9542,NULL
4.01814,3.95262,NULL
4.31894,3.61853,NULL
4.11023,3.9952,NULL
4.53641,3.06533,1
3.89379,3.78992,NULL
4.22041,4.46785,NULL
4.47576,3.23458,1
5.04624,3.17364,1
3.88905,3.36406,NULL
4.3668,3.41381,NULL
3.76619,3.51025,NULL
3.85123,3.98329,NULL
4.11652,3.37627,NULL
5.12377,3.21696,1
3.84414,3.68048,NULL
4.58468,4.39726,NULL
4.5177,3.34049,NULL
4.50923,4.83112,NULL
4.85603,3.94526,NULL
4.31092,4.65839,NULL
4.91807,3.24163,1
4.0125,3.38516,NULL
4.21396,3.74111,NULL
4.69422,2.88196,1
3.8337,4.20289,NULL
4.39333,3.98599,NULL
4.53165,4.15913,NULL
4.05297,3.90515,NULL
3.90535,4.00375,NULL
3.67413,3.55706,NULL
4.52156,3.11505,1
4.01178,3.79939,NULL
4.24865,2.90787,1
4.29354,3.41517,NULL
4.3671,2.79254,1
4.45638,3.80169,NULL
4.51071,2.86895,1
3.90804,4.7102,NULL
3.56438,4.62565,NULL
3.5136,3.45303,NULL
4.79905,3.6379,NULL
4.02594,3.56094,NULL
3.67374,3.6985,NULL
3.62064,3.5155,NULL
4.01111,3.54293,NULL
4.07785,3.94094,NULL
4.3052,4.0324,NULL
4.3989,3.31716,NULL
4.35992,3.72718,NULL
3.77319,3.56188,NULL
4.97797,4.36386,NULL
4.42241,3.12679,1
4.31376,3.41235,NULL
3.84215,3.57439,NULL
4.26803,2.86893,1
3.69107,3.55452,NULL
3.95509,4.13319,NULL
3.82781,4.11743,NULL
3.77981,4.26419,NULL
4.20656,3.56222,NULL
4.18631,3.38446,NULL
4.16352,3.20845,NULL
4.59489,2.87512,1
4.45973,3.98967,NULL
4.2379,3.3864,NULL
3.9986,3.84743,NULL
4.74615,4.27782,NULL
4.37535,3.30604,NULL
4.43397,3.13595,1
4.33889,3.32322,NULL
3.84316,3.32283,NULL
3.9063,3.63029,NULL
4.97465,3.04094,1
5.64871,3.6045,1
4.8926,4.26138,NULL
4.196,3.55883,NULL
4.63412,2.98844,1
3.84748,4.69191,NULL
3.95417,4.04692,NULL
4.35175,3.23449,NULL
4.57588,3.90765,NULL
3.83563,3.57876,NULL
5.80016,3.81106,1
4.18262,3.78314,NULL
3.88105,3.84193,NULL
4.40195,3.12571,1
4.24512,3.53837,NULL
3.59058,4.2209,NULL
4.28481,3.04459,1
4.57212,3.66779,NULL
4.06599,3.91794,NULL
4.36966,3.84309,NULL
4.37022,4.70621,NULL
4.16734,5.01713,NULL
4.1038,4.14634,NULL
4.45076,3.12582,1
4.47645,3.4527,NULL
4.13492,3.4667,NULL
3.79134,3.69424,NULL
4.47368,4.00708,NULL
4.58983,2.99322,1
3.59389,3.46268,NULL
4.44272,3.25035,NULL
4.53308,3.57237,NULL
4.77475,4.81833,NULL
4.30674,3.54744,NULL
3.84822,3.56205,NULL
4.07797,4.14802,NULL
4.34981,3.36615,NULL
3.72545,3.97784,NULL
4.79414,3.0834,1
4.15209,3.01461,NULL
4.49896,3.14951,1
3.94118,3.76424,NULL
4.47528,4.1018,NULL
4.23743,4.85188,NULL
4.35111,2.83134,1
4.22455,3.72752,NULL
4.09726,3.68336,NULL
4.06421,3.39002,NULL
4.44726,3.23767,1
5.00264,3.41072,1
3.79139,3.73074,NULL
3.94014,3.98233,NULL
3.90754,3.55986,NULL
4.20387,3.3124,NULL
3.9264,4.07961,NULL
3.90874,4.19294,NULL
4.10211,3.37516,NULL
4.33804,3.12168,1
3.60062,3.74071,NULL
4.30528,2.86058,1
4.50905,3.56634,NULL
4.4775,2.96561,1
4.25652,3.91699,NULL
4.4397,2.90422,1
4.16652,3.80586,NULL
4.18546,3.36932,NULL
4.7473,3.65959,NULL
3.7849,3.92568,NULL
4.21588,3.68763,NULL
4.67989,3.3454,1
4.22114,3.75754,NULL
4.85694,3.57344,1
3.76989,4.09576,NULL
4.22541,3.5705,NULL
3.8635,3.50569,NULL
4.32955,3.64416,NULL
4.14839,3.17253,NULL
3.9195,3.96179,NULL
4.44505,3.43606,NULL
4.06964,3.95108,NULL
4.06883,3.67513,NULL
4.60911,2.98266,1
4.59448,2.93062,1
4.76023,3.32785,1
4.97274,4.00201,NULL
4.01126,3.82217,NULL
4.06435,3.32654,NULL
3.76977,3.41215,NULL
3.66449,3.97744,NULL
4.63416,2.76906,1
3.61849,3.48704,NULL
4.04062,3.93349,NULL
5.35441,3.27845,1
4.56122,3.49243,NULL
3.46309,4.33611,NULL
4.1768,4.17849,NULL
4.00918,3.70873,NULL
4.16873,3.6989,NULL
4.80028,3.71213,NULL
3.93366,3.50977,NULL
4.01766,3.95616,NULL
4.07279,3.50973,NULL
4.37075,3.04766,1
3.9905,4.36647,NULL
4.36982,3.30061,NULL
4.43201,2.91106,1
4.43545,3.4916,NULL
5.09736,4.06269,NULL
4.44007,3.42931,NULL
3.76966,5.09571,0
3.55799,3.86526,NULL
4.29596,2.9702,1
4.16125,3.46061,NULL
3.58262,3.81624,NULL
3.93602,3.97316,NULL
4.81561,4.18244,NULL
4.2036,4.02823,NULL
4.78334,3.91255,NULL
4.44001,4.14636,NULL
4.21297,3.25956,NULL
5.08502,4.90939,NULL
4.36685,4.73931,NULL
4.01265,3.32568,NULL
3.96325,4.19355,NULL
3.70729,4.54574,NULL
3.74316,4.70716,NULL
4.27455,3.79629,NULL
3.98783,3.8992,NULL
3.72784,4.07328,NULL
4.7247,3.31712,1
4.18016,4.19617,NULL
4.95524,4.727,NULL
4.1351,3.59994,NULL
4.42951,3.3382,NULL
4.24579,4.56515,NULL
4.51009,3.44801,NULL
4.59903,3.61098,NULL
3.94334,4.03179,NULL
4.30968,4.5282,NULL
4.07914,3.71744,NULL
3.70512,3.34032,NULL
4.84109,3.46227,1
4.13184,3.65591,NULL
5.12987,3.3346,1
4.004,3.332,NULL
5.27701,4.65419,NULL
4.63343,3.83241,NULL
5.01247,3.17822,1
4.24338,3.29287,NULL
4.50144,3.50929,NULL
3.65237,3.23569,NULL
4.04595,4.39234,NULL
4.125,3.77123,NULL
4.1882,3.03107,NULL
3.77513,3.70508,NULL
5.4551,3.46219,1
4.05935,3.83606,NULL
4.38255,3.10786,1
4.29842,3.53184,NULL
4.32795,3.46697,NULL
4.10901,3.5991,NULL
5.75409,3.95612,1
4.07095,4.00314,NULL
3.68574,4.06967,NULL
4.64165,2.88925,1
4.45681,3.70899,NULL
4.17635,3.61054,NULL
4.74858,3.30187,1
4.49207,3.39913,NULL
3.73419,3.4649,NULL
4.06386,3.90199,NULL
4.0552,3.76865,NULL
4.18639,3.65002,NULL
4.73895,3.30167,1
3.32073,3.79247,NULL
4.47878,4.38006,NULL
4.04567,3.29704,NULL
4.68315,3.72795,NULL
4.54021,2.98034,1
5.19065,3.89017,1
3.56723,3.71682,NULL
4.57791,3.27526,1
4.22045,3.6802,NULL
4.20593,3.37793,NULL
5.04968,2.94535,1
4.56805,2.99177,1
3.26844,3.58771,NULL
4.04287,3.2309,NULL
4.49609,2.9179,1
3.87962,3.46732,NULL
4.04721,4.03547,NULL
4.46029,3.22038,1
3.55203,3.48657,NULL
4.41888,3.1609,1
